{"map": 0.02594034617681686, "precision": 0.03066650977512349, "recall": 0.047606332471961076, "_timestamp": 1709079602.3412824, "_runtime": 274.5704433917999, "_step": 0, "_wandb": {"runtime": 273}}