{"map": 0.02716360565928083, "precision": 0.1136633792768676, "recall": 0.035921778972250094, "_timestamp": 1709054952.7097275, "_runtime": 617.9796426296234, "_step": 0, "_wandb": {"runtime": 617}}