{"map": 0.025085511517047177, "precision": 0.07448190390768641, "recall": 0.08508278944300296, "_timestamp": 1709055292.372778, "_runtime": 263.96505188941956, "_step": 0, "_wandb": {"runtime": 263}}