{"map": 0.08105112539747045, "precision": 0.2936175982652987, "recall": 0.052451081297991406, "_timestamp": 1709068624.6099148, "_runtime": 355.1905708312988, "_step": 0, "_wandb": {"runtime": 354}}