{"map": 0.06137693022541343, "precision": 0.1479719413552458, "recall": 0.12515975152317654, "_timestamp": 1709035866.430906, "_runtime": 270.4760031700134, "_step": 0, "_wandb": {"runtime": 269}}