{"map": 0.026865048546646987, "precision": 0.08235904703292593, "recall": 0.0921922622026111, "_timestamp": 1709034124.0784585, "_runtime": 264.1026704311371, "_step": 0, "_wandb": {"runtime": 263}}