{"map": 0.0527549805502039, "precision": 0.28875561992697685, "recall": 0.039672611594348074, "_timestamp": 1709042840.0443938, "_runtime": 416.1720356941223, "_step": 0, "_wandb": {"runtime": 415}}