{"map": 0.040115096941150355, "precision": 0.1142019317858783, "recall": 0.012901696559670762, "_timestamp": 1709024734.4760761, "_runtime": 520.7735252380371, "_step": 0, "_wandb": {"runtime": 520}}