{"map": 0.12661268651744, "precision": 0.2961229369750904, "recall": 0.15072157415781431, "_timestamp": 1709028063.9750218, "_runtime": 599.917445898056, "_step": 0, "_wandb": {"runtime": 599}}