{"map": 0.06746884524757395, "precision": 0.2000321451460925, "recall": 0.09051853162683483, "_timestamp": 1709044756.3216693, "_runtime": 282.5669994354248, "_step": 0, "_wandb": {"runtime": 281}}