{"map": 0.08100001707314508, "precision": 0.29093848582588144, "recall": 0.052160305654149614, "_timestamp": 1709040007.5480578, "_runtime": 348.69599986076355, "_step": 0, "_wandb": {"runtime": 348}}