{"map": 0.014817446867816175, "precision": 0.09823987503840083, "recall": 0.01097343184064374, "_timestamp": 1709040855.3422039, "_runtime": 557.9280917644501, "_step": 0, "_wandb": {"runtime": 557}}