{"map": 0.00020014145629772937, "precision": 0.0005535190777465931, "recall": 0.0007209619440482365, "_timestamp": 1709076022.7896774, "_runtime": 625.5218183994293, "_step": 0, "_wandb": {"runtime": 624}}