{"map": 0.06367901493945773, "_timestamp": 1708997852.4659305, "_runtime": 273.2859983444214, "_step": 0, "_wandb": {"runtime": 272}}