{"map": 0.0735831118920178, "_timestamp": 1708996639.881682, "_runtime": 362.68780303001404, "_step": 0, "_wandb": {"runtime": 362}}