{"map": 0.08202878130901005, "_timestamp": 1709008379.738722, "_runtime": 316.7050220966339, "_step": 0, "_wandb": {"runtime": 316}}