{"map": 0.03671886369352028, "precision": 0.16602654475204393, "recall": 0.06392792328554824, "_timestamp": 1709025546.524126, "_runtime": 610.2130510807037, "_step": 0, "_wandb": {"runtime": 609}}