{"map": 0.03757179674719067, "precision": 0.00219429817767608, "recall": 0.19873388230745914, "_timestamp": 1709104389.2904842, "_runtime": 1314.7862801551819, "_step": 0, "_wandb": {"runtime": 1314}}