{"map": 0.013308261677017413, "precision": 0.02719637614827024, "recall": 0.021455727310022342, "_timestamp": 1709051817.4333918, "_runtime": 566.9310228824615, "_step": 0, "_wandb": {"runtime": 566}}