{"map": 0.029307708692734708, "_timestamp": 1709002874.8655975, "_runtime": 264.8291115760803, "_step": 0, "_wandb": {"runtime": 264}}