{"map": 0.006603171869596841, "precision": 0.0053122149680514446, "recall": 0.00980047319860417, "_timestamp": 1709115648.9449384, "_runtime": 267.6729474067688, "_step": 0, "_wandb": {"runtime": 267}}