{"map": 0.06337269710421548, "precision": 0.19387349914390395, "recall": 0.09083466621211475, "_timestamp": 1709067286.86122, "_runtime": 284.69402599334717, "_step": 0, "_wandb": {"runtime": 284}}