{"map": 0.08055247092559, "precision": 0.24867639210223516, "recall": 0.06237220645223734, "_timestamp": 1709054704.0927284, "_runtime": 309.1296262741089, "_step": 0, "_wandb": {"runtime": 308}}