{"map": 0.07576969025782229, "precision": 0.2002532044391309, "recall": 0.08935002925793707, "_timestamp": 1709036433.5249648, "_runtime": 284.7200207710266, "_step": 0, "_wandb": {"runtime": 284}}