{"map": 0.025803300109280596, "precision": 0.05792351080052353, "recall": 0.08633707682664835, "_timestamp": 1709109296.3196166, "_runtime": 259.4258346557617, "_step": 0, "_wandb": {"runtime": 258}}