{"map": 0.046549563906388904, "precision": 0.09609916598368896, "recall": 0.021772854643374615, "_timestamp": 1709068901.9159167, "_runtime": 637.9895737171173, "_step": 0, "_wandb": {"runtime": 637}}