{"map": 0.05750358840544075, "precision": 0.1882324134630824, "recall": 0.09287765155373161, "_timestamp": 1709034416.0504577, "_runtime": 282.46500277519226, "_step": 0, "_wandb": {"runtime": 281}}