{"map": 0.06290893923599253, "precision": 0.1398978286843611, "recall": 0.12613408270137746, "_timestamp": 1709028357.9070423, "_runtime": 268.7190191745758, "_step": 0, "_wandb": {"runtime": 268}}