{"map": 0.08221847389544926, "_timestamp": 1709010008.4072554, "_runtime": 271.7742214202881, "_step": 0, "_wandb": {"runtime": 271}}