{"map": 0.06033387431716454, "precision": 0.03164776047484504, "recall": 0.3651387209826874, "_timestamp": 1709073338.2764182, "_runtime": 387.39377331733704, "_step": 0, "_wandb": {"runtime": 386}}