{"map": 0.028652944754184295, "precision": 0.07372089735656265, "recall": 0.08337720377675295, "_timestamp": 1709032757.0547128, "_runtime": 265.599999666214, "_step": 0, "_wandb": {"runtime": 265}}