{"map": 0.04036446714963274, "precision": 0.09964166409905896, "recall": 0.10555479610314941, "_timestamp": 1709045304.6777105, "_runtime": 262.68400263786316, "_step": 0, "_wandb": {"runtime": 262}}