{"map": 0.006188915804948188, "precision": 0.02757159267459955, "recall": 0.026770338240491073, "_timestamp": 1709058190.9779487, "_runtime": 561.5790295600891, "_step": 0, "_wandb": {"runtime": 560}}