{"map": 0.0532736304684816, "precision": 0.1589593228425492, "recall": 0.052074233720435945, "_timestamp": 1709060041.9580615, "_runtime": 601.1380333900452, "_step": 0, "_wandb": {"runtime": 600}}