{"map": 0.019217473115841644, "precision": 0.05663857763982575, "recall": 0.04109971606569189, "_timestamp": 1709122201.945337, "_runtime": 698.6262321472168, "_step": 0, "_wandb": {"runtime": 697}}