{"map": 0.09691555163767088, "precision": 0.26562751738908774, "recall": 0.1189948820518854, "_timestamp": 1709065981.7694972, "_runtime": 606.243693113327, "_step": 0, "_wandb": {"runtime": 605}}