{"map": 0.05533571581940574, "precision": 0.18522246134336257, "recall": 0.09090370833261577, "_timestamp": 1709061451.6102679, "_runtime": 280.51202297210693, "_step": 0, "_wandb": {"runtime": 279}}