{"map": 0.05862407643514426, "precision": 0.1963244438551597, "recall": 0.05054845505617978, "_timestamp": 1709055590.8867788, "_runtime": 626.3340518474579, "_step": 0, "_wandb": {"runtime": 624}}