{"map": 0.07344924576079578, "precision": 0.14763165781688534, "recall": 0.12591232741060532, "_timestamp": 1709038903.925045, "_runtime": 278.27113604545593, "_step": 0, "_wandb": {"runtime": 277}}