{"map": 0.05573528928955607, "precision": 0.019301043081417824, "recall": 0.24349186107815998, "_timestamp": 1709114748.458009, "_runtime": 332.68471002578735, "_step": 0, "_wandb": {"runtime": 331}}