{"map": 0.08125583393090755, "precision": 0.1854429523565586, "recall": 0.10200977210594782, "_timestamp": 1709028078.764025, "_runtime": 279.5244200229645, "_step": 0, "_wandb": {"runtime": 278}}