{"map": 0.03268302764522732, "precision": 0.1201845668111358, "recall": 0.013631018031710464, "_timestamp": 1709037257.048094, "_runtime": 528.389044046402, "_step": 0, "_wandb": {"runtime": 527}}