{"map": 0.01487241390500523, "precision": 0.012318764068711546, "recall": 0.07595162141001485, "_timestamp": 1709085895.4518015, "_runtime": 288.921790599823, "_step": 0, "_wandb": {"runtime": 288}}