{"map": 0.05517815490160466, "precision": 0.1866485798764615, "recall": 0.09782745277545656, "_timestamp": 1709049113.0183668, "_runtime": 279.1620008945465, "_step": 0, "_wandb": {"runtime": 278}}