{"map": 0.050156082097571456, "precision": 0.14459262781302246, "recall": 0.02304204281286323, "_timestamp": 1709024924.364077, "_runtime": 668.0922231674194, "_step": 0, "_wandb": {"runtime": 667}}