{"map": 0.009485482534037113, "precision": 0.04835299893317417, "recall": 0.028516794671217944, "_timestamp": 1709021125.142831, "_runtime": 576.0041930675507, "_step": 0, "_wandb": {"runtime": 575}}