{"map": 0.08706989396517785, "_timestamp": 1709009456.321013, "_runtime": 279.64106488227844, "_step": 0, "_wandb": {"runtime": 279}}