{"map": 0.03754993952031401, "precision": 0.08109129547432874, "recall": 0.09229815590521881, "_timestamp": 1709055568.7307794, "_runtime": 266.99799847602844, "_step": 0, "_wandb": {"runtime": 266}}