{"map": 0.045287736413791045, "precision": 0.11845794321744574, "recall": 0.11778717427683481, "_timestamp": 1709053205.9687421, "_runtime": 267.939337015152, "_step": 0, "_wandb": {"runtime": 267}}