{"map": 0.027997932156570073, "precision": 0.008465561704252758, "recall": 0.05339249562568166, "_timestamp": 1709107197.0211134, "_runtime": 280.0475974082947, "_step": 0, "_wandb": {"runtime": 279}}