{"map": 0.00016788860094364862, "precision": 0.002024931391894037, "recall": 0.0006987605060668958, "_timestamp": 1709113357.3270462, "_runtime": 606.5447521209717, "_step": 0, "_wandb": {"runtime": 605}}