{"map": 0.06963878343598695, "precision": 0.22148900114819137, "recall": 0.05098781032374055, "_timestamp": 1709033124.6697526, "_runtime": 625.1590456962585, "_step": 0, "_wandb": {"runtime": 624}}