{"map": 0.019960892758131926, "precision": 0.02950914185237785, "recall": 0.02447277705770766, "_timestamp": 1709042072.680299, "_runtime": 567.072037935257, "_step": 0, "_wandb": {"runtime": 566}}