{"map": 0.05652426715428542, "_timestamp": 1708996929.5918608, "_runtime": 279.31904673576355, "_step": 0, "_wandb": {"runtime": 278}}