{"map": 0.023121564616076295, "precision": 0.043393353343237684, "recall": 0.10558477512608462, "_timestamp": 1709094092.654174, "_runtime": 267.33053612709045, "_step": 0, "_wandb": {"runtime": 266}}