{"map": 0.024823767723477382, "precision": 0.008391606504012633, "recall": 0.07712539346513167, "_timestamp": 1709119383.9462812, "_runtime": 302.49059224128723, "_step": 0, "_wandb": {"runtime": 301}}