{"map": 0.0010333414301502853, "precision": 0.002403460830543042, "recall": 0.005302100991446519, "_timestamp": 1709094913.0571115, "_runtime": 266.80954146385193, "_step": 0, "_wandb": {"runtime": 266}}