{"map": 0.06511531047689366, "precision": 0.03817577037824362, "recall": 0.28790154589418326, "_timestamp": 1709086784.0109425, "_runtime": 299.1899993419647, "_step": 0, "_wandb": {"runtime": 298}}