{"map": 0.06681064176008876, "precision": 0.13923851306211646, "recall": 0.12840947341518133, "_timestamp": 1709065978.2264984, "_runtime": 270.3316683769226, "_step": 0, "_wandb": {"runtime": 269}}