{"map": 0.0, "precision": 0.0, "recall": 0.0, "_timestamp": 1709094636.1055744, "_runtime": 259.29025530815125, "_step": 0, "_wandb": {"runtime": 258}}