{"map": 0.0559649243999748, "precision": 0.21584636868130624, "recall": 0.04936887909296547, "_timestamp": 1709023009.8589625, "_runtime": 634.8550474643707, "_step": 0, "_wandb": {"runtime": 634}}