{"map": 0.010990069858811412, "precision": 0.005172891077131702, "recall": 0.013456067625087869, "_timestamp": 1709087332.0733085, "_runtime": 269.3936433792114, "_step": 0, "_wandb": {"runtime": 268}}