{"map": 0.07270872771026533, "precision": 0.16514779376069913, "recall": 0.122187498592691, "_timestamp": 1709050082.8532572, "_runtime": 275.1479980945587, "_step": 0, "_wandb": {"runtime": 274}}