{"map": 0.0, "precision": 0.0, "recall": 0.0, "_timestamp": 1709085629.7460153, "_runtime": 582.5803563594818, "_step": 0, "_wandb": {"runtime": 581}}