{"map": 0.019458606821666592, "precision": 0.01234675652897144, "recall": 0.11593464627927674, "_timestamp": 1709084728.6085417, "_runtime": 305.26403975486755, "_step": 0, "_wandb": {"runtime": 304}}