{"map": 0.06821082751709454, "precision": 0.13819908903117736, "recall": 0.12752511347570503, "_timestamp": 1709030739.841746, "_runtime": 269.9840362071991, "_step": 0, "_wandb": {"runtime": 269}}