{"map": 0.032119387664082705, "precision": 0.07273930100960867, "recall": 0.08140432063014015, "_timestamp": 1709054385.7160823, "_runtime": 261.98400044441223, "_step": 0, "_wandb": {"runtime": 261}}