{"map": 0.09526488521635541, "precision": 0.28949335482262306, "recall": 0.05272497307840788, "_timestamp": 1709025097.4190748, "_runtime": 351.59399485588074, "_step": 0, "_wandb": {"runtime": 350}}