{"map": 0.0003712557589566955, "precision": 0.001214669401763532, "recall": 0.0011937709627792296, "_timestamp": 1709094262.1343184, "_runtime": 597.1406774520874, "_step": 0, "_wandb": {"runtime": 596}}