{"map": 0.042107476105391534, "precision": 0.04216776378794141, "recall": 0.11030888336201311, "_timestamp": 1709115935.174723, "_runtime": 276.41725301742554, "_step": 0, "_wandb": {"runtime": 275}}