{"map": 0.06508200719468324, "precision": 0.015193195913711394, "recall": 0.3675814971266798, "_timestamp": 1709081822.81077, "_runtime": 459.048632144928, "_step": 0, "_wandb": {"runtime": 458}}