{"map": 0.04827711829069255, "precision": 0.18691397616875233, "recall": 0.09292649562378578, "_timestamp": 1709042412.9563587, "_runtime": 280.7020597457886, "_step": 0, "_wandb": {"runtime": 280}}