{"map": 0.04238476947572305, "precision": 0.0013856177467465969, "recall": 0.13748238650667421, "_timestamp": 1709108127.3147168, "_runtime": 1242.8242027759552, "_step": 0, "_wandb": {"runtime": 1242}}