{"map": 0.021842770551344294, "precision": 0.07141313235822805, "recall": 0.03619337468735897, "_timestamp": 1709048875.2333672, "_runtime": 581.6003382205963, "_step": 0, "_wandb": {"runtime": 580}}