{"map": 0.05792325109807887, "precision": 0.20335064217207785, "recall": 0.08954943574459148, "_timestamp": 1709045870.7978508, "_runtime": 283.91011786460876, "_step": 0, "_wandb": {"runtime": 283}}