{"map": 0.0, "precision": 0.0, "recall": 0.0, "_timestamp": 1709083053.1468406, "_runtime": 258.4590005874634, "_step": 0, "_wandb": {"runtime": 257}}