{"map": 0.007116484185938162, "precision": 0.007265383501215573, "recall": 0.010330491000319778, "_timestamp": 1709083832.8715131, "_runtime": 598.8075902462006, "_step": 0, "_wandb": {"runtime": 598}}