{"map": 0.015100957309041364, "precision": 0.0518916229531153, "recall": 0.003992208070229418, "_timestamp": 1709056386.1869473, "_runtime": 783.8371694087982, "_step": 0, "_wandb": {"runtime": 783}}