{"map": 0.0019506724215085642, "precision": 0.002578670146038028, "recall": 0.0051580806384675685, "_timestamp": 1709084113.5080547, "_runtime": 268.06660771369934, "_step": 0, "_wandb": {"runtime": 267}}