{"map": 0.03308197634087387, "_timestamp": 1709018640.8041415, "_runtime": 542.6026124954224, "_step": 0, "_wandb": {"runtime": 541}}