{"map": 0.013039185643042184, "precision": 0.0005835067733195575, "recall": 0.045367722507864916, "_timestamp": 1709081082.3419673, "_runtime": 1485.8337092399597, "_step": 0, "_wandb": {"runtime": 1485}}