{"map": 0.0, "precision": 0.0, "recall": 0.0, "_timestamp": 1709086242.752804, "_runtime": 594.9496359825134, "_step": 0, "_wandb": {"runtime": 594}}