{"map": 0.020452786980807998, "precision": 0.004103646740939791, "recall": 0.051802188083362406, "_timestamp": 1709102247.671189, "_runtime": 320.567999124527, "_step": 0, "_wandb": {"runtime": 319}}