{"map": 0.03614984173199315, "precision": 0.1597700764820038, "recall": 0.06497455766498773, "_timestamp": 1709038450.778911, "_runtime": 592.8077900409698, "_step": 0, "_wandb": {"runtime": 592}}