{"map": 0.017122166164337795, "precision": 0.06957622030839405, "recall": 0.031041431308744996, "_timestamp": 1709050656.9443047, "_runtime": 585.8430457115173, "_step": 0, "_wandb": {"runtime": 585}}