{"map": 0.04949311134652673, "precision": 0.21119819864474773, "recall": 0.07403658234390377, "_timestamp": 1709070113.838209, "_runtime": 599.6180369853973, "_step": 0, "_wandb": {"runtime": 599}}