{"map": 0.018690512311035475, "precision": 0.02073227495603624, "recall": 0.08079600435454633, "_timestamp": 1709086179.0118043, "_runtime": 275.5880012512207, "_step": 0, "_wandb": {"runtime": 274}}