{"map": 0.05576753866226778, "_timestamp": 1709015679.0623765, "_runtime": 293.9550154209137, "_step": 0, "_wandb": {"runtime": 293}}