{"map": 0.05895650895650896, "precision": 0.020425380886406812, "recall": 0.2684930520000808, "_timestamp": 1709095266.4622533, "_runtime": 341.98510122299194, "_step": 0, "_wandb": {"runtime": 341}}