{"map": 0.0019508150278893417, "precision": 0.010793575448057525, "recall": 0.007752982186658127, "_timestamp": 1709123583.2560437, "_runtime": 739.5040276050568, "_step": 0, "_wandb": {"runtime": 738}}