{"map": 0.052139307130980604, "precision": 0.056940031944242776, "recall": 0.08444758099771138, "_timestamp": 1709079316.708515, "_runtime": 271.7242569923401, "_step": 0, "_wandb": {"runtime": 270}}