{"map": 0.02353845098088287, "precision": 0.025868569546930894, "recall": 0.14795019322910366, "_timestamp": 1709089812.4948158, "_runtime": 286.469331741333, "_step": 0, "_wandb": {"runtime": 285}}