{"map": 0.0002908742567413089, "precision": 0.004110729997482897, "recall": 0.0016411077621377506, "_timestamp": 1709115235.6753347, "_runtime": 601.3880207538605, "_step": 0, "_wandb": {"runtime": 600}}