{"map": 0.05724406542763481, "precision": 0.20922390703888388, "recall": 0.08095159731024557, "_timestamp": 1709041493.2899377, "_runtime": 596.8470506668091, "_step": 0, "_wandb": {"runtime": 596}}