{"map": 0.06003313345205781, "precision": 0.19217967887012471, "recall": 0.09232649335262641, "_timestamp": 1709069778.5672085, "_runtime": 284.75605750083923, "_step": 0, "_wandb": {"runtime": 284}}