{"map": 0.0, "precision": 0.0, "recall": 0.0, "_timestamp": 1709087052.32697, "_runtime": 259.13802909851074, "_step": 0, "_wandb": {"runtime": 258}}