{"map": 0.06700785248271282, "precision": 0.3234792757059596, "recall": 0.04630374592302083, "_timestamp": 1709048485.79703, "_runtime": 393.6759979724884, "_step": 0, "_wandb": {"runtime": 393}}