{"map": 0.022835471496963366, "precision": 0.09382290973769887, "recall": 0.038449740644990224, "_timestamp": 1709039040.265066, "_runtime": 580.7501578330994, "_step": 0, "_wandb": {"runtime": 580}}