{"map": 0.07386262490981634, "_timestamp": 1709009167.6218698, "_runtime": 269.8640809059143, "_step": 0, "_wandb": {"runtime": 269}}