{"map": 0.0321518222203452, "precision": 0.07078532314326046, "recall": 0.007940862176949665, "_timestamp": 1709026271.7761884, "_runtime": 708.7240602970123, "_step": 0, "_wandb": {"runtime": 708}}