{"map": 0.13912123134064552, "precision": 0.07815809254591335, "recall": 0.6048366318151739, "_timestamp": 1709088747.3003492, "_runtime": 643.2203991413116, "_step": 0, "_wandb": {"runtime": 642}}