{"map": 0.04508116145170499, "precision": 0.0074367272529597146, "recall": 0.14074029092555262, "_timestamp": 1709096366.7681763, "_runtime": 379.08875036239624, "_step": 0, "_wandb": {"runtime": 378}}