{"map": 0.042841436621158524, "precision": 0.16398896016940204, "recall": 0.07345118311180046, "_timestamp": 1709065366.0698035, "_runtime": 584.1470284461975, "_step": 0, "_wandb": {"runtime": 583}}