{"map": 0.05347370695610724, "precision": 0.12224227564470967, "recall": 0.12014209711359033, "_timestamp": 1709058904.5609784, "_runtime": 270.15902853012085, "_step": 0, "_wandb": {"runtime": 269}}