{"map": 0.07711702372217905, "precision": 0.3205934909447817, "recall": 0.05046152783259388, "_timestamp": 1709061831.873295, "_runtime": 370.9570281505585, "_step": 0, "_wandb": {"runtime": 370}}