{"map": 0.015785292111853397, "precision": 0.03269497635267102, "recall": 0.01890839819166059, "_timestamp": 1709064201.765507, "_runtime": 567.9450008869171, "_step": 0, "_wandb": {"runtime": 567}}