{"map": 0.0, "precision": 0.0, "recall": 0.0, "_timestamp": 1709111222.533066, "_runtime": 261.69466614723206, "_step": 0, "_wandb": {"runtime": 261}}