{"map": 0.0, "_timestamp": 1708995061.133261, "_runtime": 267.60568404197693, "_step": 0, "_wandb": {"runtime": 267}}