{"map": 0.02920491028370057, "_timestamp": 1708998588.0940385, "_runtime": 265.7699975967407, "_step": 0, "_wandb": {"runtime": 265}}