{"map": 0.05588837730192033, "precision": 0.20955967995221175, "recall": 0.07842661338979771, "_timestamp": 1709053790.0529194, "_runtime": 291.30111742019653, "_step": 0, "_wandb": {"runtime": 290}}