{"map": 0.0811904761904762, "precision": 0.03119109138033608, "recall": 0.5242743807405384, "_timestamp": 1709078886.3181825, "_runtime": 781.2367844581604, "_step": 0, "_wandb": {"runtime": 780}}