{"map": 0.02384661929133375, "precision": 0.07086295643552135, "recall": 0.028302409205321826, "_timestamp": 1709067179.1292207, "_runtime": 575.2730286121368, "_step": 0, "_wandb": {"runtime": 574}}