{"map": 0.012871668320149545, "precision": 0.0111123425177049, "recall": 0.03558498741020884, "_timestamp": 1709082415.5158117, "_runtime": 273.7950026988983, "_step": 0, "_wandb": {"runtime": 273}}