{"map": 0.04418970997261426, "precision": 0.0939112552563591, "recall": 0.10160095996509219, "_timestamp": 1709070401.9964373, "_runtime": 266.0912022590637, "_step": 0, "_wandb": {"runtime": 265}}