{"map": 0.019801598195104693, "precision": 0.13517484134556326, "recall": 0.04402732642312753, "_timestamp": 1709040887.0612035, "_runtime": 599.4100904464722, "_step": 0, "_wandb": {"runtime": 598}}