{"map": 5.112049583776961e-05, "precision": 0.0003990157495400258, "recall": 0.0001571921718863999, "_timestamp": 1709085037.5581746, "_runtime": 589.9376707077026, "_step": 0, "_wandb": {"runtime": 589}}