{"map": 0.0, "precision": 0.0, "recall": 0.0, "_timestamp": 1709098471.340791, "_runtime": 259.76801109313965, "_step": 0, "_wandb": {"runtime": 259}}