{"map": 0.05541533862173474, "precision": 0.1981242900160318, "recall": 0.09104181767818195, "_timestamp": 1709026917.4982443, "_runtime": 286.52902030944824, "_step": 0, "_wandb": {"runtime": 285}}