{"map": 0.0003582732354017018, "precision": 0.0013991403122620824, "recall": 0.0011591299777853267, "_timestamp": 1709092972.0094645, "_runtime": 589.2329475879669, "_step": 0, "_wandb": {"runtime": 588}}