{"map": 0.08377584987121728, "precision": 0.25983537359735653, "recall": 0.05666398849946201, "_timestamp": 1709020425.2936385, "_runtime": 331.3860275745392, "_step": 0, "_wandb": {"runtime": 330}}