{"map": 0.026190172471648503, "precision": 0.04469481374163902, "recall": 0.12341293776476164, "_timestamp": 1709083223.3402882, "_runtime": 623.463475227356, "_step": 0, "_wandb": {"runtime": 622}}