{"map": 0.019596295634471468, "precision": 0.027166529998973822, "recall": 0.017934170125181358, "_timestamp": 1709069506.7181516, "_runtime": 582.8112106323242, "_step": 0, "_wandb": {"runtime": 582}}