{"map": 0.10840414196527685, "precision": 0.053894203703069646, "recall": 0.43293441825085777, "_timestamp": 1709114624.4936483, "_runtime": 606.0857133865356, "_step": 0, "_wandb": {"runtime": 605}}