{"map": 0.06717692170229277, "precision": 0.2410759556616857, "recall": 0.08806830973037771, "_timestamp": 1709021736.8828552, "_runtime": 603.7200272083282, "_step": 0, "_wandb": {"runtime": 603}}