{"map": 0.03282317610413195, "precision": 0.08416950336590984, "recall": 0.09437981138035288, "_timestamp": 1709057428.4318953, "_runtime": 264.6799952983856, "_step": 0, "_wandb": {"runtime": 263}}