{"map": 0.07187731567517353, "precision": 0.14175276912361787, "recall": 0.12765056954040527, "_timestamp": 1709020075.4906127, "_runtime": 276.9730427265167, "_step": 0, "_wandb": {"runtime": 276}}