{"map": 0.3881944796944189, "precision": 0.25076859869479357, "recall": 0.6644117311015727, "_timestamp": 1709101152.9167902, "_runtime": 615.0756423473358, "_step": 0, "_wandb": {"runtime": 614}}