{"map": 0.02487656046516333, "precision": 0.003083195460253782, "recall": 0.13865424237085464, "_timestamp": 1709085275.299691, "_runtime": 535.6991510391235, "_step": 0, "_wandb": {"runtime": 535}}