{"map": 0.01302655619490814, "precision": 0.008148570182433356, "recall": 0.06941582931192415, "_timestamp": 1709085595.990013, "_runtime": 303.8883218765259, "_step": 0, "_wandb": {"runtime": 303}}