{"map": 0.0023370229601569438, "precision": 0.0017717989219136426, "recall": 0.003743463336117596, "_timestamp": 1709116215.9967196, "_runtime": 264.34770369529724, "_step": 0, "_wandb": {"runtime": 263}}