{"map": 0.01979632832188628, "precision": 0.06875486510236013, "recall": 0.0803600353179481, "_timestamp": 1709064017.9637165, "_runtime": 263.3322105407715, "_step": 0, "_wandb": {"runtime": 262}}