{"map": 0.024541431850686465, "precision": 0.008886255843025114, "recall": 0.0343091675971093, "_timestamp": 1709112081.5718443, "_runtime": 279.4093964099884, "_step": 0, "_wandb": {"runtime": 277}}