{"map": 0.03242959145799083, "precision": 0.026087711836739014, "recall": 0.13921863006319554, "_timestamp": 1709111519.0024393, "_runtime": 280.1582872867584, "_step": 0, "_wandb": {"runtime": 279}}