{"map": 0.0956928721427325, "_timestamp": 1709003224.5916252, "_runtime": 340.7440302371979, "_step": 0, "_wandb": {"runtime": 340}}