{"map": 0.06454813171077314, "precision": 0.18706677827147514, "recall": 0.0957367258468351, "_timestamp": 1709037551.1360931, "_runtime": 282.1910021305084, "_step": 0, "_wandb": {"runtime": 281}}