{"map": 0.07831629199522805, "precision": 0.19705907046233379, "recall": 0.08116202627362758, "_timestamp": 1709030720.8847477, "_runtime": 594.8530588150024, "_step": 0, "_wandb": {"runtime": 594}}