{"map": 0.012998425520422175, "precision": 0.04699911066524493, "recall": 0.03107141429085529, "_timestamp": 1709051239.2573698, "_runtime": 565.4380676746368, "_step": 0, "_wandb": {"runtime": 564}}