{"map": 0.08549050729921624, "precision": 0.32090956137545673, "recall": 0.05148946807152032, "_timestamp": 1709029897.848657, "_runtime": 369.470086812973, "_step": 0, "_wandb": {"runtime": 368}}