{"map": 0.062391923113092475, "precision": 0.25815552803313785, "recall": 0.07727752050827152, "_timestamp": 1709031326.778356, "_runtime": 596.845605134964, "_step": 0, "_wandb": {"runtime": 596}}