{"map": 0.02526004222538093, "precision": 0.049363168550542756, "recall": 0.005935533897918537, "_timestamp": 1709020531.6666381, "_runtime": 725.864068031311, "_step": 0, "_wandb": {"runtime": 725}}