{"map": 0.05814049586776859, "precision": 0.0129808951224113, "recall": 0.2558349436675885, "_timestamp": 1709103194.8577943, "_runtime": 382.719042301178, "_step": 0, "_wandb": {"runtime": 382}}