{"map": 0.026980199182839427, "precision": 0.10800418413288898, "recall": 0.01293867355604024, "_timestamp": 1709035602.1309075, "_runtime": 693.9742114543915, "_step": 0, "_wandb": {"runtime": 693}}