{"map": 0.05210376489092775, "precision": 0.14065917452992513, "recall": 0.12538952355788824, "_timestamp": 1709065402.6468039, "_runtime": 273.3710289001465, "_step": 0, "_wandb": {"runtime": 272}}