{"map": 0.014437599161891263, "precision": 0.04181432459359716, "recall": 0.05760149023508586, "_timestamp": 1709110948.8943996, "_runtime": 259.0660126209259, "_step": 0, "_wandb": {"runtime": 258}}