{"map": 0.05459492235968407, "precision": 0.2004907272768201, "recall": 0.0880258076535795, "_timestamp": 1709049797.9142559, "_runtime": 294.66002893447876, "_step": 0, "_wandb": {"runtime": 294}}