{"map": 0.004460114971309948, "precision": 0.00443280651961546, "recall": 0.012197230115478559, "_timestamp": 1709104972.3345122, "_runtime": 270.5270302295685, "_step": 0, "_wandb": {"runtime": 269}}