{"map": 0.0028615787008722344, "_timestamp": 1708995349.7654212, "_runtime": 279.16181921958923, "_step": 0, "_wandb": {"runtime": 278}}