{"map": 0.0006393938430396033, "precision": 0.0019169197843355145, "recall": 0.0022808879845027134, "_timestamp": 1709073444.430974, "_runtime": 585.6420080661774, "_step": 0, "_wandb": {"runtime": 585}}