{"map": 0.07140668705552894, "precision": 0.16711480837307574, "recall": 0.11895849399283609, "_timestamp": 1709070691.296903, "_runtime": 280.63046979904175, "_step": 0, "_wandb": {"runtime": 279}}