{"map": 0.017681723074075135, "precision": 0.009302448064045482, "recall": 0.06370299010771024, "_timestamp": 1709083785.0785189, "_runtime": 293.29300475120544, "_step": 0, "_wandb": {"runtime": 292}}