{"map": 0.004234368562289833, "precision": 0.014697416852963593, "recall": 0.01675214201426299, "_timestamp": 1709049448.207933, "_runtime": 560.9175670146942, "_step": 0, "_wandb": {"runtime": 560}}