{"map": 0.06880385906811184, "precision": 0.259390748603742, "recall": 0.05493219615931129, "_timestamp": 1709048825.9133654, "_runtime": 328.1113352775574, "_step": 0, "_wandb": {"runtime": 327}}