{"map": 0.04730829014701515, "_timestamp": 1709014784.4733052, "_runtime": 265.1173572540283, "_step": 0, "_wandb": {"runtime": 264}}