{"map": 0.004224459149787178, "precision": 0.013237197017051807, "recall": 0.020809459975464507, "_timestamp": 1709032491.4907112, "_runtime": 556.4800612926483, "_step": 0, "_wandb": {"runtime": 555}}