{"map": 0.023651119139840943, "precision": 0.01188810926751384, "recall": 0.062255883074480635, "_timestamp": 1709095572.3380644, "_runtime": 288.07666754722595, "_step": 0, "_wandb": {"runtime": 287}}