{"map": 0.028137881360319767, "precision": 0.04853657562707389, "recall": 0.029562357398079987, "_timestamp": 1709042658.7503927, "_runtime": 569.1690926551819, "_step": 0, "_wandb": {"runtime": 568}}