{"map": 0.0650927457283436, "precision": 0.24797707982217473, "recall": 0.05856513528279925, "_timestamp": 1709047476.4499943, "_runtime": 315.5420353412628, "_step": 0, "_wandb": {"runtime": 314}}