{"map": 0.06833592117947666, "_timestamp": 1709002294.1553597, "_runtime": 304.00500082969666, "_step": 0, "_wandb": {"runtime": 303}}