{"map": 0.04666263179659554, "precision": 0.02593912458753538, "recall": 0.2916975117655291, "_timestamp": 1709106401.1634634, "_runtime": 330.86853647232056, "_step": 0, "_wandb": {"runtime": 330}}