{"map": 9.270462792366723e-05, "precision": 0.0004181069167430019, "recall": 0.0002801498043139279, "_timestamp": 1709091169.781033, "_runtime": 595.0692369937897, "_step": 0, "_wandb": {"runtime": 594}}