{"map": 0.05026876029659829, "precision": 0.26556898214653185, "recall": 0.035654443629394836, "_timestamp": 1709039642.7080572, "_runtime": 435.06298828125, "_step": 0, "_wandb": {"runtime": 434}}