{"map": 0.011303173432076773, "precision": 0.023576937771298826, "recall": 0.06292286089532355, "_timestamp": 1709098200.1365237, "_runtime": 272.86741876602173, "_step": 0, "_wandb": {"runtime": 272}}