{"map": 0.04286991160293345, "precision": 0.09781948476968584, "recall": 0.10501229523701432, "_timestamp": 1709030174.1056883, "_runtime": 265.2030303478241, "_step": 0, "_wandb": {"runtime": 264}}