{"map": 0.005904685324166369, "precision": 0.0033593917216064727, "recall": 0.014042016283329654, "_timestamp": 1709080690.8071892, "_runtime": 293.2633502483368, "_step": 0, "_wandb": {"runtime": 292}}