{"map": 0.08439552525146399, "precision": 0.2767315425021699, "recall": 0.052074728108851276, "_timestamp": 1709064371.1175091, "_runtime": 342.249792098999, "_step": 0, "_wandb": {"runtime": 341}}