{"map": 0.0570060934655478, "precision": 0.19680769328036302, "recall": 0.07730349328154296, "_timestamp": 1709039667.4340618, "_runtime": 619.5929937362671, "_step": 0, "_wandb": {"runtime": 619}}