{"map": 0.06806842619460983, "precision": 0.03346900043229147, "recall": 0.3620045839093732, "_timestamp": 1709099089.1830006, "_runtime": 326.8381326198578, "_step": 0, "_wandb": {"runtime": 326}}