{"map": 0.09938698968567634, "precision": 0.25840746750442545, "recall": 0.05727662793219988, "_timestamp": 1709056502.6229486, "_runtime": 327.2560305595398, "_step": 0, "_wandb": {"runtime": 326}}