{"map": 0.07516680260373641, "precision": 0.31731606092420106, "recall": 0.050007629901333915, "_timestamp": 1709051724.3073947, "_runtime": 371.269024848938, "_step": 0, "_wandb": {"runtime": 370}}