{"map": 0.04642087389967879, "precision": 0.040572062640222895, "recall": 0.1861690193387208, "_timestamp": 1709122515.5269492, "_runtime": 308.7734422683716, "_step": 0, "_wandb": {"runtime": 308}}