{"map": 0.0061488932932072405, "precision": 0.015725448223923202, "recall": 0.0006784646545128912, "_timestamp": 1709037846.3641214, "_runtime": 1014.0750484466553, "_step": 0, "_wandb": {"runtime": 1013}}