{"map": 0.0, "precision": 0.0, "recall": 0.0, "_timestamp": 1709073615.0854688, "_runtime": 265.73232984542847, "_step": 0, "_wandb": {"runtime": 265}}