{"map": 0.036940615670065395, "precision": 0.07705188387675829, "recall": 0.0867442174612351, "_timestamp": 1709020987.3658316, "_runtime": 264.51687264442444, "_step": 0, "_wandb": {"runtime": 263}}