{"map": 0.0675911100298911, "_timestamp": 1709008053.7237017, "_runtime": 278.16600275039673, "_step": 0, "_wandb": {"runtime": 277}}