{"map": 0.03508207463136272, "precision": 0.0697720512620517, "recall": 0.09358872806682593, "_timestamp": 1709117967.6227748, "_runtime": 261.2631869316101, "_step": 0, "_wandb": {"runtime": 260}}