{"map": 0.0012149840849921118, "precision": 0.001968634757243211, "recall": 0.0033355851443780293, "_timestamp": 1709087880.7682202, "_runtime": 262.47850823402405, "_step": 0, "_wandb": {"runtime": 261}}