{"map": 0.05390799321923949, "_timestamp": 1709012621.473433, "_runtime": 267.4140329360962, "_step": 0, "_wandb": {"runtime": 266}}