{"map": 0.0, "precision": 0.0, "recall": 0.0, "_timestamp": 1709123097.396731, "_runtime": 298.4332809448242, "_step": 0, "_wandb": {"runtime": 297}}