{"map": 0.07317940388529637, "precision": 0.259390141463387, "recall": 0.05615667029731372, "_timestamp": 1709042116.3743012, "_runtime": 326.3870232105255, "_step": 0, "_wandb": {"runtime": 325}}