{"map": 0.007884086087281746, "precision": 0.011481906342134765, "recall": 0.016366744539622502, "_timestamp": 1709045054.444706, "_runtime": 556.0930368900299, "_step": 0, "_wandb": {"runtime": 555}}