{"map": 0.04963691030222519, "precision": 0.1342890265876053, "recall": 0.057908626468955816, "_timestamp": 1709026883.3632233, "_runtime": 589.3890342712402, "_step": 0, "_wandb": {"runtime": 588}}