{"map": 0.0, "precision": 0.0, "recall": 0.0, "_timestamp": 1709113248.6549165, "_runtime": 261.4722135066986, "_step": 0, "_wandb": {"runtime": 260}}