{"map": 0.02249043030388363, "precision": 0.017031678497360352, "recall": 0.10658027695611769, "_timestamp": 1709124833.259649, "_runtime": 305.26641511917114, "_step": 0, "_wandb": {"runtime": 304}}