{"map": 0.0378320842477469, "precision": 0.008073276677380732, "recall": 0.10361166113617525, "_timestamp": 1709081060.2938826, "_runtime": 358.5084764957428, "_step": 0, "_wandb": {"runtime": 357}}