{"map": 0.08893830261349193, "precision": 0.17929652979015887, "recall": 0.11387663288052831, "_timestamp": 1709052017.7883935, "_runtime": 282.8320004940033, "_step": 0, "_wandb": {"runtime": 282}}