{"map": 0.01578083459277014, "_timestamp": 1709001979.4713123, "_runtime": 508.8440353870392, "_step": 0, "_wandb": {"runtime": 508}}