{"map": 0.050794035659405566, "precision": 0.31092983770440225, "recall": 0.043626934705112586, "_timestamp": 1709025794.545168, "_runtime": 408.39003896713257, "_step": 0, "_wandb": {"runtime": 407}}