{"map": 0.014274457051292688, "precision": 0.0033841103238791462, "recall": 0.01027265265746258, "_timestamp": 1709109573.170571, "_runtime": 267.50895500183105, "_step": 0, "_wandb": {"runtime": 266}}