{"map": 0.0, "precision": 0.0, "recall": 0.0, "_timestamp": 1709111792.9004493, "_runtime": 264.85524725914, "_step": 0, "_wandb": {"runtime": 263}}