{"map": 0.01947726462772395, "precision": 0.03731142743523011, "recall": 0.03166962848163933, "_timestamp": 1709070696.553901, "_runtime": 572.4036650657654, "_step": 0, "_wandb": {"runtime": 571}}