{"map": 0.06908794714057873, "precision": 0.00800194753557126, "recall": 0.2807026653829167, "_timestamp": 1709088971.6083481, "_runtime": 516.8735070228577, "_step": 0, "_wandb": {"runtime": 516}}