{"map": 0.02075511140881803, "precision": 0.05579941773128638, "recall": 0.004102048674820047, "_timestamp": 1709047706.724992, "_runtime": 779.7280330657959, "_step": 0, "_wandb": {"runtime": 779}}