{"map": 0.0003132802811046398, "precision": 0.00030230917702140194, "recall": 0.0008979880398003436, "_timestamp": 1709076469.0465815, "_runtime": 284.02501940727234, "_step": 0, "_wandb": {"runtime": 283}}