{"map": 0.07173355864545247, "precision": 0.1343584801190685, "recall": 0.12611734906016564, "_timestamp": 1709060887.422219, "_runtime": 267.1619999408722, "_step": 0, "_wandb": {"runtime": 266}}