{"map": 0.021743848177222424, "_timestamp": 1709016500.6844664, "_runtime": 263.79704332351685, "_step": 0, "_wandb": {"runtime": 263}}