{"map": 0.029845614048781964, "precision": 0.042313495326538775, "recall": 0.09677216516021529, "_timestamp": 1709113803.359173, "_runtime": 270.2434649467468, "_step": 0, "_wandb": {"runtime": 269}}