{"map": 0.1075988048705037, "precision": 0.35051141713902817, "recall": 0.08823264410010952, "_timestamp": 1709036823.0330505, "_runtime": 597.6101105213165, "_step": 0, "_wandb": {"runtime": 596}}