{"map": 0.06051873238640193, "precision": 0.18769033227582765, "recall": 0.09777678500746777, "_timestamp": 1709024197.2765548, "_runtime": 284.6950478553772, "_step": 0, "_wandb": {"runtime": 284}}