{"map": 0.0, "precision": 0.0, "recall": 0.0, "_timestamp": 1709102795.984752, "_runtime": 259.4005310535431, "_step": 0, "_wandb": {"runtime": 258}}