{"map": 0.06816729928914307, "precision": 0.14187485195952293, "recall": 0.12555351247289967, "_timestamp": 1709031020.3493333, "_runtime": 269.0795202255249, "_step": 0, "_wandb": {"runtime": 268}}