{"map": 0.022274188865128542, "precision": 0.08133324878943599, "recall": 0.09216830794756177, "_timestamp": 1709044462.8046687, "_runtime": 267.1600306034088, "_step": 0, "_wandb": {"runtime": 266}}