{"map": 0.0, "precision": 0.0, "recall": 0.0, "_timestamp": 1709095467.1920657, "_runtime": 591.2479546070099, "_step": 0, "_wandb": {"runtime": 590}}