{"map": 0.07415071398441195, "precision": 0.17922541038028952, "recall": 0.11447649528997843, "_timestamp": 1709030459.969712, "_runtime": 276.1300230026245, "_step": 0, "_wandb": {"runtime": 275}}