{"map": 0.084628456193636, "precision": 0.07324136736489333, "recall": 0.24885032491332307, "_timestamp": 1709106868.3605137, "_runtime": 617.2110507488251, "_step": 0, "_wandb": {"runtime": 616}}