{"map": 0.062004258066548634, "_timestamp": 1709004887.8069444, "_runtime": 283.810022354126, "_step": 0, "_wandb": {"runtime": 283}}