{"map": 0.0, "precision": 0.0, "recall": 0.0, "_timestamp": 1709082586.9258103, "_runtime": 604.1571652889252, "_step": 0, "_wandb": {"runtime": 602}}