{"map": 0.03399390399390399, "precision": 0.0033111217867985037, "recall": 0.13173763701056146, "_timestamp": 1709106905.8435264, "_runtime": 496.99705934524536, "_step": 0, "_wandb": {"runtime": 496}}