{"map": 0.04310866639224714, "_timestamp": 1709000528.1402345, "_runtime": 269.44402742385864, "_step": 0, "_wandb": {"runtime": 268}}