{"map": 0.09690177447588141, "_timestamp": 1709000246.8561058, "_runtime": 361.13576889038086, "_step": 0, "_wandb": {"runtime": 360}}