{"map": 0.006712312238194759, "precision": 0.013034143683725902, "recall": 0.014049525877140338, "_timestamp": 1709034318.3734567, "_runtime": 565.5656716823578, "_step": 0, "_wandb": {"runtime": 564}}