{"map": 0.04604449465295937, "_timestamp": 1708997567.9038894, "_runtime": 288.24788331985474, "_step": 0, "_wandb": {"runtime": 287}}