{"map": 0.0048605727673934045, "precision": 0.011879119296838275, "recall": 0.017812709436637406, "_timestamp": 1709088444.0408409, "_runtime": 259.87685775756836, "_step": 0, "_wandb": {"runtime": 259}}