{"map": 0.0014048385899363294, "precision": 0.001077649195568669, "recall": 0.0015918840583194413, "_timestamp": 1709090086.344968, "_runtime": 262.7881500720978, "_step": 0, "_wandb": {"runtime": 262}}