{"map": 0.059837396460922766, "precision": 0.22942311343989757, "recall": 0.06893575611305562, "_timestamp": 1709060612.4002194, "_runtime": 298.46903133392334, "_step": 0, "_wandb": {"runtime": 297}}