{"map": 0.02805656178097654, "precision": 0.060256734608279634, "recall": 0.042865252471435716, "_timestamp": 1709023593.564641, "_runtime": 575.3376760482788, "_step": 0, "_wandb": {"runtime": 574}}