{"map": 0.028094352161602935, "precision": 0.10020625222250568, "recall": 0.04786647264846827, "_timestamp": 1709053694.503797, "_runtime": 581.0990540981293, "_step": 0, "_wandb": {"runtime": 580}}