{"map": 0.10396129273651881, "precision": 0.05693916677110072, "recall": 0.44498882926947575, "_timestamp": 1709119565.216107, "_runtime": 612.3350110054016, "_step": 0, "_wandb": {"runtime": 611}}