{"map": 0.04421413767574106, "precision": 0.060858100607921316, "recall": 0.17259935346991745, "_timestamp": 1709096091.9754233, "_runtime": 616.4173574447632, "_step": 0, "_wandb": {"runtime": 615}}