{"map": 0.04086098680898842, "_timestamp": 1709010850.0353384, "_runtime": 263.97903633117676, "_step": 0, "_wandb": {"runtime": 263}}