{"map": 0.028430570232748198, "precision": 0.06596815986753139, "recall": 0.07678351902558776, "_timestamp": 1709045030.0667095, "_runtime": 263.1440396308899, "_step": 0, "_wandb": {"runtime": 262}}