{"map": 0.0, "precision": 0.0, "recall": 0.0, "_timestamp": 1709113523.975906, "_runtime": 265.96914887428284, "_step": 0, "_wandb": {"runtime": 265}}