{"map": 0.06284253352788556, "precision": 0.20042094669618296, "recall": 0.08815195925164593, "_timestamp": 1709056164.0209174, "_runtime": 285.7209985256195, "_step": 0, "_wandb": {"runtime": 285}}