{"map": 0.06166558663143644, "precision": 0.32327834683210804, "recall": 0.04808139547991604, "_timestamp": 1709064778.5024745, "_runtime": 397.1969654560089, "_step": 0, "_wandb": {"runtime": 396}}