{"map": 0.08476992541450903, "precision": 0.2469994512387651, "recall": 0.1004733793981642, "_timestamp": 1709033741.230784, "_runtime": 607.4560339450836, "_step": 0, "_wandb": {"runtime": 606}}