{"map": 0.07686873091775606, "_timestamp": 1709001126.9272606, "_runtime": 274.51502561569214, "_step": 0, "_wandb": {"runtime": 273}}