{"map": 0.040447949689638184, "_timestamp": 1709007494.624675, "_runtime": 264.51862812042236, "_step": 0, "_wandb": {"runtime": 263}}