{"map": 0.0005863811321541072, "precision": 0.0020065087494664955, "recall": 0.001611978907753512, "_timestamp": 1709099924.4769585, "_runtime": 600.303959608078, "_step": 0, "_wandb": {"runtime": 599}}