{"map": 0.022610691649947848, "precision": 0.01473710938571076, "recall": 0.047720091361228914, "_timestamp": 1709097099.3287394, "_runtime": 274.04000329971313, "_step": 0, "_wandb": {"runtime": 273}}