{"map": 0.05538250651209151, "precision": 0.037374895756801155, "recall": 0.3526407989007048, "_timestamp": 1709091711.565851, "_runtime": 318.42681789398193, "_step": 0, "_wandb": {"runtime": 317}}