{"map": 0.01385911157170765, "precision": 0.046825065984917966, "recall": 0.06597567671643742, "_timestamp": 1709076762.5989375, "_runtime": 275.91977643966675, "_step": 0, "_wandb": {"runtime": 275}}