{"map": 0.011019742883379247, "_timestamp": 1709017544.1274824, "_runtime": 543.3872683048248, "_step": 0, "_wandb": {"runtime": 542}}