{"map": 0.028104293375093004, "precision": 0.10723780145171949, "recall": 0.021845141014317115, "_timestamp": 1709024247.1808522, "_runtime": 642.40434217453, "_step": 0, "_wandb": {"runtime": 641}}