{"map": 0.06555216623768603, "precision": 0.20446051831937206, "recall": 0.07713246908738887, "_timestamp": 1709023904.8065078, "_runtime": 289.8889968395233, "_step": 0, "_wandb": {"runtime": 289}}