{"map": 0.06314484305251208, "precision": 0.22454136899719535, "recall": 0.09464720632429224, "_timestamp": 1709058812.6369789, "_runtime": 608.9190299510956, "_step": 0, "_wandb": {"runtime": 608}}