{"map": 0.06634611495092971, "precision": 0.1692295366690727, "recall": 0.11940525680904603, "_timestamp": 1709023308.5289807, "_runtime": 275.5180187225342, "_step": 0, "_wandb": {"runtime": 274}}