{"map": 0.016610870687638238, "precision": 0.006254443169773359, "recall": 0.06456670007049176, "_timestamp": 1709115071.1581402, "_runtime": 311.4336941242218, "_step": 0, "_wandb": {"runtime": 310}}