{"map": 0.0002935679428951366, "precision": 0.0008035975350733465, "recall": 0.0015627396877704845, "_timestamp": 1709112978.1606128, "_runtime": 272.0624659061432, "_step": 0, "_wandb": {"runtime": 271}}