{"map": 0.0, "precision": 0.0, "recall": 0.0, "_timestamp": 1709089948.228946, "_runtime": 595.3464648723602, "_step": 0, "_wandb": {"runtime": 594}}