{"map": 0.005757293201564148, "_timestamp": 1709018088.7555099, "_runtime": 532.9830257892609, "_step": 0, "_wandb": {"runtime": 532}}