{"map": 0.0661530898479605, "precision": 0.018816725877083426, "recall": 0.3373188978946062, "_timestamp": 1709095976.3994288, "_runtime": 391.3943648338318, "_step": 0, "_wandb": {"runtime": 390}}