{"map": 0.02123910099712427, "precision": 0.009128498437959251, "recall": 0.05003242071661371, "_timestamp": 1709086473.9939446, "_runtime": 284.66213870048523, "_step": 0, "_wandb": {"runtime": 284}}