{"map": 0.08301292832524153, "_timestamp": 1709007220.6750045, "_runtime": 301.44807839393616, "_step": 0, "_wandb": {"runtime": 300}}