{"map": 0.00031924731558491236, "precision": 0.0005828172658733937, "recall": 0.0006818982603846536, "_timestamp": 1709096697.6407375, "_runtime": 595.8163115978241, "_step": 0, "_wandb": {"runtime": 595}}