{"map": 0.08529282683102876, "precision": 0.2471814950332491, "recall": 0.062086585043152585, "_timestamp": 1709027791.5626085, "_runtime": 310.6760334968567, "_step": 0, "_wandb": {"runtime": 310}}