{"map": 0.06730772950726727, "precision": 0.0075921673190817085, "recall": 0.27657361599213187, "_timestamp": 1709109023.1846168, "_runtime": 556.5880389213562, "_step": 0, "_wandb": {"runtime": 556}}