{"map": 0.0, "precision": 0.0, "recall": 0.0, "_timestamp": 1709125148.7105541, "_runtime": 305.1120412349701, "_step": 0, "_wandb": {"runtime": 304}}