{"map": 0.03074657280150897, "precision": 0.06372884775408631, "recall": 0.07546801529600605, "_timestamp": 1709058626.5189486, "_runtime": 262.01899766921997, "_step": 0, "_wandb": {"runtime": 261}}