{"map": 0.00012880473514607452, "precision": 0.0006529419584952375, "recall": 0.00034384355068667186, "_timestamp": 1709115852.2351918, "_runtime": 607.6351447105408, "_step": 0, "_wandb": {"runtime": 606}}