{"map": 0.023263476041417663, "precision": 0.027274016248629743, "recall": 0.09137156154462908, "_timestamp": 1709117694.1567698, "_runtime": 272.8648326396942, "_step": 0, "_wandb": {"runtime": 272}}