{"map": 0.0015913534565723552, "precision": 0.005957914772272466, "recall": 0.0002505875870090286, "_timestamp": 1709061199.9422443, "_runtime": 1145.8721861839294, "_step": 0, "_wandb": {"runtime": 1145}}