{"map": 0.08634126330459599, "_timestamp": 1709010575.4023051, "_runtime": 271.10600304603577, "_step": 0, "_wandb": {"runtime": 270}}