{"map": 0.06230241603754525, "_timestamp": 1709006627.306836, "_runtime": 361.73902678489685, "_step": 0, "_wandb": {"runtime": 361}}