{"map": 0.05733779692291698, "precision": 0.01778543403974069, "recall": 0.2743377101653178, "_timestamp": 1709074045.3103156, "_runtime": 420.9218475818634, "_step": 0, "_wandb": {"runtime": 420}}