{"map": 0.031073997496990646, "precision": 0.07058561844946891, "recall": 0.08109189840703247, "_timestamp": 1709059999.966059, "_runtime": 268.7280309200287, "_step": 0, "_wandb": {"runtime": 268}}