{"map": 0.07224063085328604, "_timestamp": 1708999151.1960406, "_runtime": 271.7219715118408, "_step": 0, "_wandb": {"runtime": 271}}