{"map": 0.06514105770530074, "precision": 0.24248038743675296, "recall": 0.06597932672276165, "_timestamp": 1709059219.9190016, "_runtime": 306.8880236148834, "_step": 0, "_wandb": {"runtime": 306}}