{"map": 0.05213486483780864, "_timestamp": 1709004276.6665778, "_runtime": 404.1687877178192, "_step": 0, "_wandb": {"runtime": 403}}