{"map": 0.08440525715081712, "precision": 0.27085387177215897, "recall": 0.06453163840106034, "_timestamp": 1709054316.4270809, "_runtime": 611.4952819347382, "_step": 0, "_wandb": {"runtime": 610}}