{"map": 0.0058467314203258566, "precision": 0.008302805311274326, "recall": 0.01064654769615854, "_timestamp": 1709091777.3034487, "_runtime": 598.7034156322479, "_step": 0, "_wandb": {"runtime": 598}}