{"map": 0.05297770264549902, "precision": 0.1620201618614912, "recall": 0.059581853348440704, "_timestamp": 1709046916.6709366, "_runtime": 603.7430355548859, "_step": 0, "_wandb": {"runtime": 603}}