{"map": 0.07267334955170021, "_timestamp": 1709010288.0502796, "_runtime": 269.829021692276, "_step": 0, "_wandb": {"runtime": 269}}