{"map": 0.0729414953760569, "precision": 0.2893267098405621, "recall": 0.05195469795301592, "_timestamp": 1709063397.0228643, "_runtime": 350.0641293525696, "_step": 0, "_wandb": {"runtime": 349}}