{"map": 0.019213925366323582, "precision": 0.04182222093266331, "recall": 0.03460129307639195, "_timestamp": 1709034899.6646962, "_runtime": 570.0282382965088, "_step": 0, "_wandb": {"runtime": 569}}