{"map": 0.0, "precision": 0.0, "recall": 0.0, "_timestamp": 1709118514.2567794, "_runtime": 266.6636395454407, "_step": 0, "_wandb": {"runtime": 266}}