{"map": 0.07362035762011794, "_timestamp": 1709004596.3498504, "_runtime": 302.47904348373413, "_step": 0, "_wandb": {"runtime": 301}}