{"map": 0.041495389154646414, "precision": 0.10521591811532033, "recall": 0.11182688034546372, "_timestamp": 1709044187.1896389, "_runtime": 268.18507289886475, "_step": 0, "_wandb": {"runtime": 267}}