{"map": 0.006847016355504139, "precision": 0.023763955861791166, "recall": 0.03144025296521503, "_timestamp": 1709072933.4335294, "_runtime": 287.9502203464508, "_step": 0, "_wandb": {"runtime": 287}}