{"map": 0.0, "precision": 0.0, "recall": 0.0, "_timestamp": 1709118327.5305047, "_runtime": 604.1156377792358, "_step": 0, "_wandb": {"runtime": 603}}