{"map": 0.06500857866669577, "_timestamp": 1709014113.3096838, "_runtime": 265.83599877357483, "_step": 0, "_wandb": {"runtime": 265}}