{"map": 0.07494521639138033, "precision": 0.23602034971027241, "recall": 0.08505970535686415, "_timestamp": 1709043867.7415652, "_runtime": 607.4511151313782, "_step": 0, "_wandb": {"runtime": 606}}