{"map": 0.033068880691561484, "precision": 0.01604856586831707, "recall": 0.21432856427468253, "_timestamp": 1709078095.934108, "_runtime": 772.1994581222534, "_step": 0, "_wandb": {"runtime": 771}}