{"map": 0.0748495794055668, "_timestamp": 1709012937.102455, "_runtime": 290.07401990890503, "_step": 0, "_wandb": {"runtime": 289}}