{"map": 0.00016506058502214758, "precision": 0.0002753199164179221, "recall": 0.00033136638915614436, "_timestamp": 1709106061.0199301, "_runtime": 258.84100222587585, "_step": 0, "_wandb": {"runtime": 258}}