{"map": 0.06044702239329706, "precision": 0.1256600269592944, "recall": 0.054021656642049616, "_timestamp": 1709040276.6541114, "_runtime": 596.8600533008575, "_step": 0, "_wandb": {"runtime": 596}}