{"map": 0.04337108325062658, "precision": 0.010358001829314735, "recall": 0.22096671313329688, "_timestamp": 1709092127.2097874, "_runtime": 403.5783383846283, "_step": 0, "_wandb": {"runtime": 402}}