{"map": 0.030941834614083417, "precision": 0.026875490952264224, "recall": 0.07715462950161274, "_timestamp": 1709079036.8717294, "_runtime": 286.2040193080902, "_step": 0, "_wandb": {"runtime": 285}}