{"map": 0.04851825283471189, "precision": 0.09332028200386623, "recall": 0.10005533596837946, "_timestamp": 1709067986.708221, "_runtime": 268.3880350589752, "_step": 0, "_wandb": {"runtime": 267}}