{"map": 0.025719873689868118, "precision": 0.07695807342715906, "recall": 0.08746633790246916, "_timestamp": 1709027470.5635757, "_runtime": 264.23099875450134, "_step": 0, "_wandb": {"runtime": 263}}