{"map": 0.010306849587916602, "precision": 0.006949081595803085, "recall": 0.024337012042905053, "_timestamp": 1709101915.9186435, "_runtime": 269.8589985370636, "_step": 0, "_wandb": {"runtime": 269}}