{"map": 0.0025938428583896695, "precision": 0.004678127724171366, "recall": 0.005095326508358964, "_timestamp": 1709098540.1048722, "_runtime": 602.2663133144379, "_step": 0, "_wandb": {"runtime": 601}}