{"map": 0.023194228993418532, "precision": 0.007106058402873898, "recall": 0.11221881848365313, "_timestamp": 1709124517.9971297, "_runtime": 345.85327672958374, "_step": 0, "_wandb": {"runtime": 345}}