{"map": 0.023218584445857175, "precision": 0.019725946749829176, "recall": 0.09369039676181065, "_timestamp": 1709093267.8469062, "_runtime": 284.3015081882477, "_step": 0, "_wandb": {"runtime": 283}}