{"map": 0.0028507232165548902, "precision": 0.00992836836024258, "recall": 0.017555802850271026, "_timestamp": 1709064773.6194742, "_runtime": 559.504967212677, "_step": 0, "_wandb": {"runtime": 558}}