{"map": 0.03183908807835572, "precision": 0.1615557723008062, "recall": 0.019654182611612583, "_timestamp": 1709033256.561753, "_runtime": 488.2600450515747, "_step": 0, "_wandb": {"runtime": 487}}