{"map": 0.040531677394271534, "precision": 0.09888922570486779, "recall": 0.10651126811904964, "_timestamp": 1709032474.5097084, "_runtime": 266.08203530311584, "_step": 0, "_wandb": {"runtime": 265}}