{"map": 0.05340662283722266, "precision": 0.033485574568874237, "recall": 0.33927022508523885, "_timestamp": 1709120643.5248678, "_runtime": 322.7381258010864, "_step": 0, "_wandb": {"runtime": 322}}