{"map": 0.06569242932489275, "precision": 0.07782045977391967, "recall": 0.24667347442195156, "_timestamp": 1709087469.9027646, "_runtime": 620.3638236522675, "_step": 0, "_wandb": {"runtime": 619}}