{"map": 0.04037928768578924, "precision": 0.008504996763482962, "recall": 0.10033768373243966, "_timestamp": 1709114148.226032, "_runtime": 326.2916269302368, "_step": 0, "_wandb": {"runtime": 325}}