{"map": 0.0, "precision": 0.0, "recall": 0.0, "_timestamp": 1709074333.4319444, "_runtime": 278.7175364494324, "_step": 0, "_wandb": {"runtime": 277}}