{"map": 0.06901556926537891, "precision": 0.2620850504016286, "recall": 0.056217991896875666, "_timestamp": 1709037892.3171213, "_runtime": 323.4140281677246, "_step": 0, "_wandb": {"runtime": 322}}