{"map": 0.07166445341788343, "precision": 0.2542175514351933, "recall": 0.08054001002177809, "_timestamp": 1709053101.4257436, "_runtime": 621.8285236358643, "_step": 0, "_wandb": {"runtime": 621}}