{"map": 0.06938105930962704, "precision": 0.2520892987414977, "recall": 0.05750846961404932, "_timestamp": 1709032200.3926718, "_runtime": 316.45902276039124, "_step": 0, "_wandb": {"runtime": 315}}