{"map": 0.022570371575286168, "_timestamp": 1709006911.5778375, "_runtime": 266.9079954624176, "_step": 0, "_wandb": {"runtime": 266}}