{"map": 0.015280065654331935, "precision": 0.0041556229827477455, "recall": 0.042404764924346014, "_timestamp": 1709075876.2591438, "_runtime": 331.790944814682, "_step": 0, "_wandb": {"runtime": 331}}