{"map": 0.0, "precision": 0.0, "recall": 0.0, "_timestamp": 1709084436.2955003, "_runtime": 595.5133593082428, "_step": 0, "_wandb": {"runtime": 594}}