{"map": 0.0019152831350771984, "precision": 0.005457995348402257, "recall": 0.0034670409691858815, "_timestamp": 1709112737.8720548, "_runtime": 616.4442179203033, "_step": 0, "_wandb": {"runtime": 615}}