{"map": 0.061070625462583614, "precision": 0.010556148878062565, "recall": 0.2881741538468189, "_timestamp": 1709108454.4865792, "_runtime": 436.1175911426544, "_step": 0, "_wandb": {"runtime": 435}}