{"map": 0.07974483066376947, "precision": 0.17367067767038685, "recall": 0.11299421476219525, "_timestamp": 1709039190.3350654, "_runtime": 277.0690233707428, "_step": 0, "_wandb": {"runtime": 276}}