{"map": 0.011553941511350266, "precision": 0.04392766526085417, "recall": 0.061868620162545226, "_timestamp": 1709093815.4726374, "_runtime": 257.9649975299835, "_step": 0, "_wandb": {"runtime": 257}}