{"map": 0.012492341367530167, "precision": 0.005464086783237218, "recall": 0.007366429912766849, "_timestamp": 1709090562.4057968, "_runtime": 603.8878266811371, "_step": 0, "_wandb": {"runtime": 603}}