{"map": 0.06487330075605373, "precision": 0.24811267029500214, "recall": 0.06475725947413932, "_timestamp": 1709033574.8897834, "_runtime": 306.5310332775116, "_step": 0, "_wandb": {"runtime": 305}}