{"map": 0.07682759447343623, "precision": 0.16782045681578683, "recall": 0.11528107848589203, "_timestamp": 1709028928.0700989, "_runtime": 276.83803391456604, "_step": 0, "_wandb": {"runtime": 276}}