{"map": 0.026067184558673174, "_timestamp": 1709013548.758651, "_runtime": 264.196053981781, "_step": 0, "_wandb": {"runtime": 263}}