{"map": 0.0008643627885405238, "precision": 0.003259881409905727, "recall": 0.004043482648187652, "_timestamp": 1709109839.8054566, "_runtime": 256.7048807144165, "_step": 0, "_wandb": {"runtime": 256}}