{"map": 0.01941616485762016, "precision": 0.06098635128297713, "recall": 0.08065450402286121, "_timestamp": 1709105243.6925116, "_runtime": 260.9229974746704, "_step": 0, "_wandb": {"runtime": 260}}