{"map": 0.05110399913858408, "precision": 0.12285953859486512, "recall": 0.12028317576597534, "_timestamp": 1709040286.1171107, "_runtime": 268.00805282592773, "_step": 0, "_wandb": {"runtime": 267}}