{"map": 0.02413836025271404, "_timestamp": 1709005796.271072, "_runtime": 267.57199597358704, "_step": 0, "_wandb": {"runtime": 266}}