{"map": 0.013012500667800431, "_timestamp": 1709011446.2444346, "_runtime": 584.5096604824066, "_step": 0, "_wandb": {"runtime": 583}}