{"map": 0.0, "precision": 0.0, "recall": 0.0, "_timestamp": 1709118237.7128725, "_runtime": 261.32508158683777, "_step": 0, "_wandb": {"runtime": 260}}