{"map": 0.05207388745006299, "precision": 0.2853854589492003, "recall": 0.03886241587244151, "_timestamp": 1709038615.7409103, "_runtime": 424.84205627441406, "_step": 0, "_wandb": {"runtime": 424}}