{"map": 0.016719356762455874, "precision": 0.03198476116430987, "recall": 0.024999450722542185, "_timestamp": 1709048283.28103, "_runtime": 568.4430389404297, "_step": 0, "_wandb": {"runtime": 567}}