{"map": 0.11717764826874015, "precision": 0.10827076557498058, "recall": 0.3445179297382751, "_timestamp": 1709097927.6711063, "_runtime": 611.04137134552, "_step": 0, "_wandb": {"runtime": 610}}