{"map": 0.000472432766329024, "precision": 0.004842168491424871, "recall": 0.0021929159097330312, "_timestamp": 1709112113.4805293, "_runtime": 608.8321692943573, "_step": 0, "_wandb": {"runtime": 608}}