{"map": 0.06376117518947835, "precision": 0.21863555800490692, "recall": 0.09612889030555775, "_timestamp": 1709036209.04394, "_runtime": 590.0630359649658, "_step": 0, "_wandb": {"runtime": 589}}