{"map": 0.05453042925813367, "_timestamp": 1709006247.0487378, "_runtime": 443.67066287994385, "_step": 0, "_wandb": {"runtime": 442}}