{"map": 0.024536164618205576, "_timestamp": 1709012070.2803323, "_runtime": 266.44981837272644, "_step": 0, "_wandb": {"runtime": 265}}