{"map": 0.07233745257047122, "precision": 0.23388016964664396, "recall": 0.0671694050729897, "_timestamp": 1709058352.6819487, "_runtime": 302.6580286026001, "_step": 0, "_wandb": {"runtime": 302}}