{"map": 0.06712413250810888, "_timestamp": 1709002600.0684083, "_runtime": 299.19002413749695, "_step": 0, "_wandb": {"runtime": 297}}