{"map": 0.06707097715119105, "precision": 0.029576821156735426, "recall": 0.3645143227089369, "_timestamp": 1709082783.811838, "_runtime": 360.07102489471436, "_step": 0, "_wandb": {"runtime": 359}}