{"map": 0.056878593085054385, "precision": 0.18791103801614104, "recall": 0.05596322723443318, "_timestamp": 1709057621.0619216, "_runtime": 596.4960205554962, "_step": 0, "_wandb": {"runtime": 595}}