{"map": 0.07739109518169615, "precision": 0.24036839637947707, "recall": 0.06530565862581332, "_timestamp": 1709029510.6335702, "_runtime": 302.68703508377075, "_step": 0, "_wandb": {"runtime": 302}}