{"map": 0.0, "precision": 0.0, "recall": 0.0, "_timestamp": 1709109910.4960325, "_runtime": 580.3452384471893, "_step": 0, "_wandb": {"runtime": 579}}