{"map": 0.06718724256008311, "precision": 0.21723987014308863, "recall": 0.07020978560794368, "_timestamp": 1709066984.27819, "_runtime": 296.6819999217987, "_step": 0, "_wandb": {"runtime": 295}}