{"map": 0.0454632532218739, "precision": 0.006110923025156963, "recall": 0.16556656169416753, "_timestamp": 1709096813.5347395, "_runtime": 429.6125636100769, "_step": 0, "_wandb": {"runtime": 428}}