{"map": 0.06356972845751138, "precision": 0.059035864090651, "recall": 0.1528424777676652, "_timestamp": 1709100823.8957422, "_runtime": 270.9605972766876, "_step": 0, "_wandb": {"runtime": 270}}