{"map": 0.08378157662784744, "precision": 0.28134606579815474, "recall": 0.05223872514444432, "_timestamp": 1709041209.2299054, "_runtime": 344.0456974506378, "_step": 0, "_wandb": {"runtime": 343}}