{"map": 0.0833938392240333, "precision": 0.26689833431601645, "recall": 0.05430137936999571, "_timestamp": 1709070126.7232366, "_runtime": 335.67502450942993, "_step": 0, "_wandb": {"runtime": 335}}