{"map": 0.03175753820646401, "_timestamp": 1709003500.2437646, "_runtime": 264.39302253723145, "_step": 0, "_wandb": {"runtime": 263}}