{"map": 0.05609430922636451, "precision": 0.14450189037008665, "recall": 0.12752383317222848, "_timestamp": 1709034692.9785464, "_runtime": 268.42708945274353, "_step": 0, "_wandb": {"runtime": 267}}