{"map": 0.050589464296420396, "precision": 0.06303732818485434, "recall": 0.1692255265839505, "_timestamp": 1709103469.200591, "_runtime": 266.26979517936707, "_step": 0, "_wandb": {"runtime": 265}}