{"map": 0.008391656427853472, "precision": 0.005761617383921165, "recall": 0.01559521340998358, "_timestamp": 1709105792.5989265, "_runtime": 272.3697245121002, "_step": 0, "_wandb": {"runtime": 271}}