{"map": 0.006786154177394423, "precision": 0.01073010345527081, "recall": 0.03375393181038004, "_timestamp": 1709078740.394181, "_runtime": 291.7409360408783, "_step": 0, "_wandb": {"runtime": 291}}