{"map": 0.020067481538069774, "precision": 0.032309931231828244, "recall": 0.04256191595778115, "_timestamp": 1709078438.2104113, "_runtime": 270.2096064090729, "_step": 0, "_wandb": {"runtime": 269}}