{"map": 0.05823915928171721, "precision": 0.011179075599946572, "recall": 0.20456408652730543, "_timestamp": 1709092974.521465, "_runtime": 381.70495200157166, "_step": 0, "_wandb": {"runtime": 381}}