{"map": 0.039750897923697764, "precision": 0.03325741458332064, "recall": 0.19720069354393793, "_timestamp": 1709103065.0442028, "_runtime": 631.8220117092133, "_step": 0, "_wandb": {"runtime": 631}}