{"map": 0.04323409744390675, "precision": 0.05413860790537067, "recall": 0.10314410210426317, "_timestamp": 1709100188.831146, "_runtime": 268.1111879348755, "_step": 0, "_wandb": {"runtime": 267}}