{"map": 0.06684160389544945, "precision": 0.17234335569418563, "recall": 0.06529610963614371, "_timestamp": 1709063624.142507, "_runtime": 605.0897660255432, "_step": 0, "_wandb": {"runtime": 604}}