{"map": 0.07235922755279373, "precision": 0.24409951209529535, "recall": 0.06482964470811962, "_timestamp": 1709058038.356923, "_runtime": 309.7920022010803, "_step": 0, "_wandb": {"runtime": 309}}