{"map": 0.0573407875546913, "_timestamp": 1709014508.5459485, "_runtime": 386.3730504512787, "_step": 0, "_wandb": {"runtime": 385}}