{"map": 0.028642853268950864, "precision": 0.08653447641177497, "recall": 0.09652812919383004, "_timestamp": 1709046845.9289358, "_runtime": 266.60803985595703, "_step": 0, "_wandb": {"runtime": 265}}