{"map": 0.08115218759851381, "_timestamp": 1709005245.208942, "_runtime": 347.3559989929199, "_step": 0, "_wandb": {"runtime": 346}}