{"map": 0.06152535971604284, "precision": 0.1412964831382054, "recall": 0.1263660179538447, "_timestamp": 1709027196.499578, "_runtime": 270.95232796669006, "_step": 0, "_wandb": {"runtime": 270}}