{"map": 0.03733139083139083, "precision": 0.12601609440693462, "recall": 0.014299920808896947, "_timestamp": 1709069169.3991513, "_runtime": 534.4722323417664, "_step": 0, "_wandb": {"runtime": 532}}