{"map": 0.014271283980614446, "precision": 0.005168573481788088, "recall": 0.014785640013736076, "_timestamp": 1709125518.544127, "_runtime": 355.2298319339752, "_step": 0, "_wandb": {"runtime": 354}}