{"map": 0.0, "precision": 0.0, "recall": 0.0, "_timestamp": 1709114405.9885848, "_runtime": 248.80738067626953, "_step": 0, "_wandb": {"runtime": 248}}