{"map": 0.05609910534257584, "_timestamp": 1709013838.4896812, "_runtime": 280.6620273590088, "_step": 0, "_wandb": {"runtime": 280}}