{"map": 0.05543589608040082, "precision": 0.288794143452386, "recall": 0.04008456880379993, "_timestamp": 1709067709.7171857, "_runtime": 414.2499666213989, "_step": 0, "_wandb": {"runtime": 413}}