{"map": 6.922981281855079e-05, "precision": 0.00020117251240113338, "recall": 0.00021470823997248365, "_timestamp": 1709101370.4668202, "_runtime": 256.4220292568207, "_step": 0, "_wandb": {"runtime": 255}}