{"map": 0.051074045669695575, "precision": 0.1405908587817866, "recall": 0.1279686149081491, "_timestamp": 1709050362.6393032, "_runtime": 269.90504717826843, "_step": 0, "_wandb": {"runtime": 269}}