{"map": 0.06646397462164555, "_timestamp": 1709015368.604359, "_runtime": 302.226016998291, "_step": 0, "_wandb": {"runtime": 301}}