{"map": 0.07079397393360448, "precision": 0.2457995640882788, "recall": 0.06106930598496845, "_timestamp": 1709043909.4175618, "_runtime": 314.94011187553406, "_step": 0, "_wandb": {"runtime": 314}}