{"map": 0.05643790991617079, "precision": 0.020823020797919443, "recall": 0.2402306967594805, "_timestamp": 1709104073.4416375, "_runtime": 314.55099749565125, "_step": 0, "_wandb": {"runtime": 314}}