{"map": 0.007104340646051806, "precision": 0.008874795257315857, "recall": 0.022657882856985993, "_timestamp": 1709116774.4782596, "_runtime": 276.05185651779175, "_step": 0, "_wandb": {"runtime": 274}}