{"map": 0.049599373584870834, "precision": 0.09420069186391278, "recall": 0.10187038950585729, "_timestamp": 1709028633.5130634, "_runtime": 264.7559983730316, "_step": 0, "_wandb": {"runtime": 264}}