{"map": 0.06679975833517346, "_timestamp": 1709003841.2597876, "_runtime": 329.15402364730835, "_step": 0, "_wandb": {"runtime": 328}}