{"map": 0.0238223808243528, "_timestamp": 1709015057.11234, "_runtime": 263.90403389930725, "_step": 0, "_wandb": {"runtime": 263}}