{"map": 0.03640578980932559, "precision": 0.05043848589811404, "recall": 0.09125986156508022, "_timestamp": 1709119071.1754942, "_runtime": 267.9391860961914, "_step": 0, "_wandb": {"runtime": 267}}