{"map": 0.07385653140082635, "_timestamp": 1708997254.11992, "_runtime": 317.35005807876587, "_step": 0, "_wandb": {"runtime": 316}}