{"map": 0.0, "_timestamp": 1708995616.4197226, "_runtime": 255.8769326210022, "_step": 0, "_wandb": {"runtime": 255}}