{"map": 0.009247796592865872, "precision": 0.0161545719371572, "recall": 0.029872775075652055, "_timestamp": 1709087610.0667078, "_runtime": 267.8800468444824, "_step": 0, "_wandb": {"runtime": 267}}