{"map": 0.06946169772256729, "precision": 0.020071031479769533, "recall": 0.4745816843207815, "_timestamp": 1709080386.6449215, "_runtime": 475.32145047187805, "_step": 0, "_wandb": {"runtime": 471}}