{"map": 0.06128872463170607, "precision": 0.20695011990233297, "recall": 0.08369524828100541, "_timestamp": 1709055011.2767284, "_runtime": 295.78700137138367, "_step": 0, "_wandb": {"runtime": 295}}