{"map": 0.25866568195927087, "precision": 0.17166655706453132, "recall": 0.6279909447445201, "_timestamp": 1709114008.906938, "_runtime": 642.9764840602875, "_step": 0, "_wandb": {"runtime": 642}}