{"map": 0.03270290475501869, "precision": 0.018915864112343635, "recall": 0.12260480075770434, "_timestamp": 1709084415.704501, "_runtime": 292.6304500102997, "_step": 0, "_wandb": {"runtime": 292}}