{"map": 0.034566437903758476, "precision": 0.0058459284015981, "recall": 0.13472192539383207, "_timestamp": 1709083476.735513, "_runtime": 407.1456549167633, "_step": 0, "_wandb": {"runtime": 406}}