{"map": 0.008253889384636106, "precision": 0.035505440091670906, "recall": 0.0035970171814380006, "_timestamp": 1709057154.2268965, "_runtime": 639.266925573349, "_step": 0, "_wandb": {"runtime": 638}}