{"map": 0.01143521002732286, "precision": 0.009765059071288815, "recall": 0.06190348801418097, "_timestamp": 1709090662.5867977, "_runtime": 288.88282680511475, "_step": 0, "_wandb": {"runtime": 288}}