{"map": 0.014538879146779546, "precision": 0.04892996187215326, "recall": 0.06077660453915545, "_timestamp": 1709079900.6624565, "_runtime": 289.045622587204, "_step": 0, "_wandb": {"runtime": 288}}