{"map": 0.02512525680467086, "precision": 0.02506853135259631, "recall": 0.06937859964549772, "_timestamp": 1709099909.6139631, "_runtime": 270.01179218292236, "_step": 0, "_wandb": {"runtime": 269}}