{"map": 0.07407693879784506, "precision": 0.28092941265520555, "recall": 0.05185380326426032, "_timestamp": 1709052369.3404145, "_runtime": 343.3350205421448, "_step": 0, "_wandb": {"runtime": 342}}