{"map": 0.05504803955467984, "precision": 0.008747950809952465, "recall": 0.367361276577418, "_timestamp": 1709099312.8229992, "_runtime": 764.9751253128052, "_step": 0, "_wandb": {"runtime": 764}}