{"map": 0.03252051712294346, "_timestamp": 1709016770.9903073, "_runtime": 263.1928403377533, "_step": 0, "_wandb": {"runtime": 262}}