{"map": 0.024263799870157872, "_timestamp": 1709012345.4903996, "_runtime": 264.8940215110779, "_step": 0, "_wandb": {"runtime": 264}}