{"map": 0.06812387045378929, "_timestamp": 1709011795.8604805, "_runtime": 339.3690085411072, "_step": 0, "_wandb": {"runtime": 338}}