{"map": 0.0019939883458796764, "precision": 0.0005807121334138846, "recall": 0.0010675710281589583, "_timestamp": 1709081350.7112632, "_runtime": 281.4124102592468, "_step": 0, "_wandb": {"runtime": 280}}