{"map": 0.027893289790494324, "precision": 0.16943387340883267, "recall": 0.020395196716482444, "_timestamp": 1709059712.67303, "_runtime": 484.36202788352966, "_step": 0, "_wandb": {"runtime": 483}}