{"map": 0.023688396852052047, "precision": 0.08590411629867188, "recall": 0.09492291138093512, "_timestamp": 1709068261.2892199, "_runtime": 262.914999961853, "_step": 0, "_wandb": {"runtime": 262}}