{"map": 0.06899613105317856, "precision": 0.04715114855562557, "recall": 0.505123236749396, "_timestamp": 1709093652.6576393, "_runtime": 664.0307312011719, "_step": 0, "_wandb": {"runtime": 663}}