{"map": 0.0004918909433994016, "precision": 0.0015713104475854002, "recall": 0.0022385777692888495, "_timestamp": 1709116490.0902088, "_runtime": 262.2538378238678, "_step": 0, "_wandb": {"runtime": 261}}