{"map": 0.026903781789163517, "_timestamp": 1709005520.746026, "_runtime": 267.165020942688, "_step": 0, "_wandb": {"runtime": 266}}