{"map": 0.018176553721460317, "precision": 0.021487204348695697, "recall": 0.02198407187644658, "_timestamp": 1709061766.2412958, "_runtime": 558.897029876709, "_step": 0, "_wandb": {"runtime": 558}}