{"map": 0.0, "precision": 0.0, "recall": 0.0, "_timestamp": 1709092370.585514, "_runtime": 584.8700840473175, "_step": 0, "_wandb": {"runtime": 584}}