{"map": 0.0, "precision": 0.0, "recall": 0.0, "_timestamp": 1709117712.4179978, "_runtime": 593.1903297901154, "_step": 0, "_wandb": {"runtime": 592}}