{"map": 0.03241323432012664, "precision": 0.07714793786699337, "recall": 0.08835084697427709, "_timestamp": 1709034967.429698, "_runtime": 263.79115200042725, "_step": 0, "_wandb": {"runtime": 263}}