{"map": 0.0011743612887565229, "precision": 0.007286525440390836, "recall": 0.004707940856351552, "_timestamp": 1709116479.028765, "_runtime": 611.0426609516144, "_step": 0, "_wandb": {"runtime": 610}}