{"map": 0.027699958202568202, "precision": 0.0726027381929975, "recall": 0.08223783634512159, "_timestamp": 1709029199.193534, "_runtime": 262.12056183815, "_step": 0, "_wandb": {"runtime": 261}}