{"map": 0.02696400632903631, "precision": 0.0661145599703051, "recall": 0.07676431640071758, "_timestamp": 1709043580.8724546, "_runtime": 261.11300468444824, "_step": 0, "_wandb": {"runtime": 260}}