{"map": 0.0022999139214645637, "precision": 0.0016128547777252216, "recall": 0.00821779810811269, "_timestamp": 1709088173.3359838, "_runtime": 283.2705738544464, "_step": 0, "_wandb": {"runtime": 282}}