{"map": 0.07149728314519217, "precision": 0.2405263074108358, "recall": 0.08398011429831753, "_timestamp": 1709066592.0441892, "_runtime": 601.540027141571, "_step": 0, "_wandb": {"runtime": 600}}