{"map": 0.0, "precision": 0.0, "recall": 0.0, "_timestamp": 1709089516.821483, "_runtime": 261.8380949497223, "_step": 0, "_wandb": {"runtime": 261}}