{"map": 0.061939248775471176, "precision": 0.2619469492853401, "recall": 0.05557223770604388, "_timestamp": 1709046209.5008965, "_runtime": 328.52304434776306, "_step": 0, "_wandb": {"runtime": 327}}