{"map": 0.036723651821891565, "precision": 0.09684368021096046, "recall": 0.1035558005819676, "_timestamp": 1709045579.6947346, "_runtime": 264.6500265598297, "_step": 0, "_wandb": {"runtime": 263}}