{"map": 0.07592317778916051, "precision": 0.24427938632196816, "recall": 0.09551802074330165, "_timestamp": 1709057013.951898, "_runtime": 617.744950056076, "_step": 0, "_wandb": {"runtime": 616}}