{"map": 0.06051434653868617, "precision": 0.010107687533542634, "recall": 0.16385430968275064, "_timestamp": 1709117408.8952832, "_runtime": 355.49744510650635, "_step": 0, "_wandb": {"runtime": 354}}