{"map": 0.04957035559118076, "precision": 0.14018879872304185, "recall": 0.05560858586364264, "_timestamp": 1709043251.1514516, "_runtime": 582.9580585956573, "_step": 0, "_wandb": {"runtime": 582}}