{"map": 0.015485087766971207, "precision": 0.02019185207951832, "recall": 0.04845767926798592, "_timestamp": 1709122790.9043758, "_runtime": 266.6221148967743, "_step": 0, "_wandb": {"runtime": 265}}