{"map": 0.01473660677915688, "precision": 0.008853529590198769, "recall": 0.05059182111169174, "_timestamp": 1709112695.6226518, "_runtime": 288.58936882019043, "_step": 0, "_wandb": {"runtime": 287}}