{"map": 0.0037396695062083957, "precision": 0.008254644552258304, "recall": 0.018544166506770206, "_timestamp": 1709097377.168735, "_runtime": 267.17199993133545, "_step": 0, "_wandb": {"runtime": 266}}