{"map": 0.03842011676804034, "precision": 0.025539430596194825, "recall": 0.14591391562730496, "_timestamp": 1709107746.3745182, "_runtime": 273.56092405319214, "_step": 0, "_wandb": {"runtime": 272}}