{"map": 0.0, "precision": 0.0, "recall": 0.0, "_timestamp": 1709089243.6383898, "_runtime": 256.64124274253845, "_step": 0, "_wandb": {"runtime": 256}}