{"map": 0.0, "precision": 0.0, "recall": 0.0, "_timestamp": 1709094868.2491138, "_runtime": 598.2297937870026, "_step": 0, "_wandb": {"runtime": 597}}