{"map": 0.0008495213422323114, "precision": 0.0013974454306664962, "recall": 0.001958344730296475, "_timestamp": 1709102422.9701917, "_runtime": 599.8975477218628, "_step": 0, "_wandb": {"runtime": 599}}