{"map": 0.025011204656675168, "precision": 0.07352050768041224, "recall": 0.08431353338814288, "_timestamp": 1709036718.4870539, "_runtime": 267.79403495788574, "_step": 0, "_wandb": {"runtime": 267}}