{"map": 0.09417113858559507, "precision": 0.3180102649313606, "recall": 0.05089828406153587, "_timestamp": 1709049494.2269282, "_runtime": 369.04053831100464, "_step": 0, "_wandb": {"runtime": 368}}