{"map": 0.007542946269083686, "precision": 0.016400464702093394, "recall": 0.000628185217263786, "_timestamp": 1709068251.8362215, "_runtime": 1061.0899984836578, "_step": 0, "_wandb": {"runtime": 1060}}