{"map": 0.029240193418783644, "precision": 0.06330915777453411, "recall": 0.08434913988513103, "_timestamp": 1709101102.4267893, "_runtime": 260.61204624176025, "_step": 0, "_wandb": {"runtime": 260}}