{"map": 0.06453829229575316, "precision": 0.09952566624140158, "recall": 0.10607247271536475, "_timestamp": 1709033850.4377832, "_runtime": 267.3849983215332, "_step": 0, "_wandb": {"runtime": 266}}