{"map": 0.030348755497405892, "precision": 0.12123784660809882, "recall": 0.013656048909518187, "_timestamp": 1709022739.6749392, "_runtime": 519.5960240364075, "_step": 0, "_wandb": {"runtime": 519}}