{"map": 0.029043167006295396, "_timestamp": 1709016219.3684003, "_runtime": 533.2010242938995, "_step": 0, "_wandb": {"runtime": 533}}