{"map": 0.08261345040491538, "precision": 0.2647845721704279, "recall": 0.05398719815894775, "_timestamp": 1709035584.5799038, "_runtime": 334.1330327987671, "_step": 0, "_wandb": {"runtime": 333}}