{"map": 0.04286010625594875, "precision": 0.07833976223382777, "recall": 0.08835346346598322, "_timestamp": 1709051343.4783697, "_runtime": 263.22899770736694, "_step": 0, "_wandb": {"runtime": 262}}