{"map": 0.05140694352573505, "precision": 0.025662550663211603, "recall": 0.2954798458351848, "_timestamp": 1709071603.9254446, "_runtime": 385.6905746459961, "_step": 0, "_wandb": {"runtime": 385}}