{"map": 0.0, "precision": 0.0, "recall": 0.0, "_timestamp": 1709120990.765935, "_runtime": 336.8681478500366, "_step": 0, "_wandb": {"runtime": 334}}