{"map": 0.03878787878787878, "_timestamp": 1709008885.1237476, "_runtime": 494.93600058555603, "_step": 0, "_wandb": {"runtime": 490}}