{"map": 0.09269891515178519, "precision": 0.3038018126940147, "recall": 0.05130958279714217, "_timestamp": 1709021362.5928314, "_runtime": 361.02800130844116, "_step": 0, "_wandb": {"runtime": 360}}