{"map": 0.07419191919191918, "precision": 0.004767489083732637, "recall": 0.372249785446618, "_timestamp": 1709072510.3730118, "_runtime": 1222.3500187397003, "_step": 0, "_wandb": {"runtime": 1221}}