{"map": 0.03334413311019391, "precision": 0.023753238471542957, "recall": 0.07531916981523595, "_timestamp": 1709115363.2064955, "_runtime": 281.0800895690918, "_step": 0, "_wandb": {"runtime": 280}}