{"map": 0.07167290301985865, "precision": 0.1786870249129026, "recall": 0.11095152452052384, "_timestamp": 1709047142.3249545, "_runtime": 278.97801756858826, "_step": 0, "_wandb": {"runtime": 278}}