{"map": 0.06777239267434199, "precision": 0.20828570391038498, "recall": 0.07779123406666037, "_timestamp": 1709021664.7098525, "_runtime": 292.35701537132263, "_step": 0, "_wandb": {"runtime": 291}}