{"map": 0.0, "precision": 0.0, "recall": 0.0, "_timestamp": 1709098755.021871, "_runtime": 271.78908014297485, "_step": 0, "_wandb": {"runtime": 255}}