{"map": 0.3279891362109106, "precision": 0.23763688168403607, "recall": 0.66189462986245, "_timestamp": 1709110521.3583767, "_runtime": 600.4078476428986, "_step": 0, "_wandb": {"runtime": 599}}