{"map": 0.02004831827540149, "precision": 0.05030290625335856, "recall": 0.08842913013239719, "_timestamp": 1709123822.32528, "_runtime": 366.4482250213623, "_step": 0, "_wandb": {"runtime": 365}}