{"map": 0.019181382377158177, "precision": 0.016179201034085846, "recall": 0.04281305641676238, "_timestamp": 1709090363.8419726, "_runtime": 269.89600563049316, "_step": 0, "_wandb": {"runtime": 269}}