{"map": 0.022216555158674593, "_timestamp": 1709007765.2456992, "_runtime": 262.3600242137909, "_step": 0, "_wandb": {"runtime": 261}}