{"map": 0.06995179063360882, "precision": 0.01779838364800716, "recall": 0.43011768686714236, "_timestamp": 1709092576.1005132, "_runtime": 438.752726316452, "_step": 0, "_wandb": {"runtime": 438}}