{"map": 0.09366533721041174, "precision": 0.32016829271025016, "recall": 0.05034349828581092, "_timestamp": 1709063037.2747357, "_runtime": 374.6250286102295, "_step": 0, "_wandb": {"runtime": 371}}