{"map": 0.04048720630289769, "precision": 0.09354906461195477, "recall": 0.10100736224675082, "_timestamp": 1709026620.5332243, "_runtime": 266.5940012931824, "_step": 0, "_wandb": {"runtime": 265}}