{"map": 0.052228172947415, "precision": 0.32320333293897163, "recall": 0.04965298662892432, "_timestamp": 1709051063.274369, "_runtime": 373.052020072937, "_step": 0, "_wandb": {"runtime": 372}}