{"map": 0.0006746817293338896, "precision": 0.0017223249519446907, "recall": 0.00277431270166273, "_timestamp": 1709105511.1392, "_runtime": 260.5876829624176, "_step": 0, "_wandb": {"runtime": 259}}