{"map": 0.015458774736849604, "precision": 0.011767838819297235, "recall": 0.03457864129024012, "_timestamp": 1709103748.3556404, "_runtime": 262.3720314502716, "_step": 0, "_wandb": {"runtime": 261}}