{"map": 0.0691113548919012, "_timestamp": 1709001462.3742802, "_runtime": 320.5460193157196, "_step": 0, "_wandb": {"runtime": 319}}