{"map": 0.04184682127338912, "precision": 0.17515184123866862, "recall": 0.03296488811159818, "_timestamp": 1709052471.6251993, "_runtime": 644.4368073940277, "_step": 0, "_wandb": {"runtime": 643}}