{"map": 0.00026660525043007983, "precision": 0.0011486853722298873, "recall": 0.0007243260844939413, "_timestamp": 1709125178.6467195, "_runtime": 674.625396490097, "_step": 0, "_wandb": {"runtime": 673}}