{"map": 0.03671389216843762, "precision": 0.14241532330656495, "recall": 0.03679707279308685, "_timestamp": 1709063010.8737373, "_runtime": 622.8480272293091, "_step": 0, "_wandb": {"runtime": 622}}