{"map": 0.0, "precision": 0.0, "recall": 0.0, "_timestamp": 1709097918.0701053, "_runtime": 255.47536635398865, "_step": 0, "_wandb": {"runtime": 254}}