{"map": 0.08004840301823864, "_timestamp": 1709000841.8372347, "_runtime": 303.564998626709, "_step": 0, "_wandb": {"runtime": 302}}