{"map": 0.0075998360081481085, "precision": 0.003282851431221514, "recall": 0.029350261400253052, "_timestamp": 1709079586.8342867, "_runtime": 691.2191827297211, "_step": 0, "_wandb": {"runtime": 690}}