{"map": 0.01404718833694093, "precision": 0.006953372997463628, "recall": 0.01800787415729579, "_timestamp": 1709101637.7046444, "_runtime": 259.8960163593292, "_step": 0, "_wandb": {"runtime": 259}}