{"map": 0.02480562899039252, "precision": 0.03473730222232585, "recall": 0.08468729190873764, "_timestamp": 1709077587.331253, "_runtime": 278.98634696006775, "_step": 0, "_wandb": {"runtime": 278}}