{"map": 0.0765597147950089, "precision": 0.024936088002419553, "recall": 0.4130406483949021, "_timestamp": 1709120035.4135656, "_runtime": 367.4388597011566, "_step": 0, "_wandb": {"runtime": 366}}