{"map": 0.0841638515432182, "precision": 0.24222915797450734, "recall": 0.06391890456391965, "_timestamp": 1709054107.8350825, "_runtime": 306.6721296310425, "_step": 0, "_wandb": {"runtime": 305}}