{"map": 0.060184558001719124, "precision": 0.1254273314051208, "recall": 0.1215137113461873, "_timestamp": 1709020711.2629585, "_runtime": 276.2963194847107, "_step": 0, "_wandb": {"runtime": 275}}