{"map": 0.005277645904762718, "precision": 0.01014074719871009, "recall": 0.01943606611784284, "_timestamp": 1709107460.0865266, "_runtime": 255.2247667312622, "_step": 0, "_wandb": {"runtime": 254}}