{"map": 0.04814962401621033, "precision": 0.06789493745217372, "recall": 0.10642837887320765, "_timestamp": 1709102528.2532175, "_runtime": 264.47402238845825, "_step": 0, "_wandb": {"runtime": 263}}