{"map": 0.04396162087810831, "precision": 0.09979320025604047, "recall": 0.10516195143445156, "_timestamp": 1709026069.9301882, "_runtime": 265.55902123451233, "_step": 0, "_wandb": {"runtime": 264}}