{"map": 0.09029965818310032, "precision": 0.24290558171193505, "recall": 0.06257860832581551, "_timestamp": 1709048082.3970304, "_runtime": 309.51703429222107, "_step": 0, "_wandb": {"runtime": 308}}