{"map": 0.03251303824138209, "precision": 0.021943705466620896, "recall": 0.21550318738609966, "_timestamp": 1709072245.5001698, "_runtime": 338.97931385040283, "_step": 0, "_wandb": {"runtime": 338}}