{"map": 0.05397729284328602, "precision": 0.08725496374491913, "recall": 0.09603223300533652, "_timestamp": 1709026347.100225, "_runtime": 268.827036857605, "_step": 0, "_wandb": {"runtime": 268}}