{"map": 0.02026521397210962, "precision": 0.009574146865026193, "recall": 0.11986589489817862, "_timestamp": 1709110671.8131766, "_runtime": 324.32893562316895, "_step": 0, "_wandb": {"runtime": 323}}