{"map": 0.3783835348656798, "precision": 0.3099755262850018, "recall": 0.5476221678763121, "_timestamp": 1709117106.2066927, "_runtime": 617.7424437999725, "_step": 0, "_wandb": {"runtime": 617}}