{"map": 0.04334513970877608, "_timestamp": 1708998313.1949656, "_runtime": 453.4770336151123, "_step": 0, "_wandb": {"runtime": 452}}