{"map": 0.008714968149677883, "precision": 0.010028665173791888, "recall": 0.02353158714657128, "_timestamp": 1709099631.2871728, "_runtime": 265.5051248073578, "_step": 0, "_wandb": {"runtime": 264}}