{"map": 0.003675109299196757, "precision": 0.0032633364113691457, "recall": 0.0001346073698650219, "_timestamp": 1709030115.4596875, "_runtime": 1174.4627094268799, "_step": 0, "_wandb": {"runtime": 1173}}