{"map": 0.03191478881964009, "precision": 0.0927851073859601, "recall": 0.059379594990502556, "_timestamp": 1709045635.591734, "_runtime": 570.2920269966125, "_step": 0, "_wandb": {"runtime": 569}}