{"map": 0.05092496871103837, "precision": 0.01610760709667712, "recall": 0.21662292083141163, "_timestamp": 1709104694.3924828, "_runtime": 339.117999792099, "_step": 0, "_wandb": {"runtime": 338}}