{"map": 0.03724931962929349, "precision": 0.12461724212355507, "recall": 0.014117475943356342, "_timestamp": 1709062377.9742687, "_runtime": 536.0689716339111, "_step": 0, "_wandb": {"runtime": 535}}