{"map": 0.0, "precision": 0.0, "recall": 0.0, "_timestamp": 1709086839.949941, "_runtime": 588.2726030349731, "_step": 0, "_wandb": {"runtime": 587}}