{"map": 0.01809371240283223, "precision": 0.0895500815098948, "recall": 0.009782566070541891, "_timestamp": 1709031871.3356476, "_runtime": 571.1612884998322, "_step": 0, "_wandb": {"runtime": 570}}