{"map": 0.0730719194240157, "precision": 0.2380644040197874, "recall": 0.06792903668102733, "_timestamp": 1709059433.1830301, "_runtime": 613.219053030014, "_step": 0, "_wandb": {"runtime": 612}}