{"map": 0.05769806728582244, "precision": 0.1880646360632705, "recall": 0.09139413159876285, "_timestamp": 1709055861.15592, "_runtime": 280.4561381340027, "_step": 0, "_wandb": {"runtime": 279}}