{"map": 0.00035016936323064874, "precision": 0.0010651776769403025, "recall": 0.0014483233880162355, "_timestamp": 1709090932.1317987, "_runtime": 258.32200169563293, "_step": 0, "_wandb": {"runtime": 257}}