{"map": 0.07548686847826044, "precision": 0.26280923813793544, "recall": 0.0540097814020563, "_timestamp": 1709065118.0587761, "_runtime": 330.9670031070709, "_step": 0, "_wandb": {"runtime": 330}}