{"map": 0.0008165321841094225, "precision": 0.0027488452182172158, "recall": 0.0019173447546529526, "_timestamp": 1709120870.751713, "_runtime": 670.8480861186981, "_step": 0, "_wandb": {"runtime": 670}}