{"map": 0.08208006729721654, "precision": 0.026461524538688046, "recall": 0.5652701130068067, "_timestamp": 1709124493.8688877, "_runtime": 901.8596906661987, "_step": 0, "_wandb": {"runtime": 896}}