{"map": 0.0716323636129754, "precision": 0.25494294800992345, "recall": 0.05667212253340042, "_timestamp": 1709066676.9821908, "_runtime": 328.0060279369354, "_step": 0, "_wandb": {"runtime": 327}}