{"map": 0.07967194550222206, "_timestamp": 1708999509.196339, "_runtime": 341.69712495803833, "_step": 0, "_wandb": {"runtime": 341}}