{"map": 0.004189297544902952, "precision": 0.012817084421074482, "recall": 0.019611658755952704, "_timestamp": 1709097654.400736, "_runtime": 260.387001991272, "_step": 0, "_wandb": {"runtime": 259}}