{"map": 0.059290205452034214, "precision": 0.23825584098332114, "recall": 0.06652073004876086, "_timestamp": 1709050672.779305, "_runtime": 302.2600018978119, "_step": 0, "_wandb": {"runtime": 301}}