{"map": 0.00010683238757178979, "precision": 0.0005956746678323574, "recall": 0.00032873023012634236, "_timestamp": 1709081699.7610304, "_runtime": 608.0288193225861, "_step": 0, "_wandb": {"runtime": 606}}