{"map": 0.02681005748015087, "precision": 0.019433766088362857, "recall": 0.07376867701751105, "_timestamp": 1709121562.0899196, "_runtime": 280.653564453125, "_step": 0, "_wandb": {"runtime": 280}}