{"map": 0.0, "_timestamp": 1708995890.2157247, "_runtime": 261.0412266254425, "_step": 0, "_wandb": {"runtime": 260}}