{"map": 0.0048687320936405, "precision": 0.00867190986745825, "recall": 0.03229297300265378, "_timestamp": 1709082126.7918122, "_runtime": 283.2082681655884, "_step": 0, "_wandb": {"runtime": 282}}