{"map": 0.06500140232252369, "precision": 0.02307660937942886, "recall": 0.45210253818628704, "_timestamp": 1709101812.4866438, "_runtime": 649.5198538303375, "_step": 0, "_wandb": {"runtime": 648}}