{"map": 0.024108433305373385, "_timestamp": 1709009728.1630359, "_runtime": 263.75802278518677, "_step": 0, "_wandb": {"runtime": 263}}