{"map": 0.09978856125924171, "precision": 0.27728244292265375, "recall": 0.11782022901009026, "_timestamp": 1709050062.0352595, "_runtime": 601.6073293685913, "_step": 0, "_wandb": {"runtime": 600}}