{"map": 0.0, "precision": 0.0, "recall": 0.0, "_timestamp": 1709121264.8125446, "_runtime": 264.407767534256, "_step": 0, "_wandb": {"runtime": 263}}