{"map": 0.06614809446244835, "_timestamp": 1708994780.2746723, "_runtime": 330.7105293273926, "_step": 0, "_wandb": {"runtime": 330}}