{"map": 0.06569850912439215, "precision": 0.20160099528510733, "recall": 0.08779821850253167, "_timestamp": 1709041778.3522599, "_runtime": 282.53331780433655, "_step": 0, "_wandb": {"runtime": 281}}