{"map": 0.014406910179968849, "precision": 0.01624660095244509, "recall": 0.04983585044208043, "_timestamp": 1709104343.7084844, "_runtime": 261.46184730529785, "_step": 0, "_wandb": {"runtime": 260}}