{"map": 0.04586535514740892, "precision": 0.12594553973262734, "recall": 0.12221295561329383, "_timestamp": 1709053488.5417957, "_runtime": 265.74002480506897, "_step": 0, "_wandb": {"runtime": 265}}