{"map": 0.036865951247683285, "precision": 0.09634308405791747, "recall": 0.1044830816164307, "_timestamp": 1709052926.6174061, "_runtime": 265.74606108665466, "_step": 0, "_wandb": {"runtime": 265}}