{"map": 0.0, "precision": 0.0, "recall": 0.0, "_timestamp": 1709106240.944463, "_runtime": 596.8135371208191, "_step": 0, "_wandb": {"runtime": 596}}