{"map": 0.07033260153480592, "precision": 0.2246673157089869, "recall": 0.06722960218645611, "_timestamp": 1709044485.705667, "_runtime": 607.8951029777527, "_step": 0, "_wandb": {"runtime": 607}}