{"map": 0.023246576786036782, "precision": 0.06893714585780165, "recall": 0.08069741770155726, "_timestamp": 1709052641.9792147, "_runtime": 264.3358016014099, "_step": 0, "_wandb": {"runtime": 263}}