{"map": 0.0, "precision": 0.0, "recall": 0.0, "_timestamp": 1709121884.826211, "_runtime": 309.4615828990936, "_step": 0, "_wandb": {"runtime": 308}}