{"map": 0.0017281542573166198, "precision": 0.003164775041430918, "recall": 0.004149791732487113, "_timestamp": 1709076651.9851253, "_runtime": 611.8760762214661, "_step": 0, "_wandb": {"runtime": 611}}