{"map": 0.03756813395429518, "precision": 0.019285751688346828, "recall": 0.14164801739353663, "_timestamp": 1709112398.1282604, "_runtime": 305.5479643344879, "_step": 0, "_wandb": {"runtime": 304}}