{"map": 0.0, "precision": 0.0, "recall": 0.0, "_timestamp": 1709119651.5190473, "_runtime": 258.97915530204773, "_step": 0, "_wandb": {"runtime": 258}}