{"map": 0.07639493239947111, "precision": 0.2812468522608707, "recall": 0.05192368642165291, "_timestamp": 1709066335.8111615, "_runtime": 346.1159954071045, "_step": 0, "_wandb": {"runtime": 345}}