{"map": 0.00023444402477724226, "precision": 0.00037144508574694457, "recall": 0.0007010427299534924, "_timestamp": 1709122196.1449268, "_runtime": 299.7029547691345, "_step": 0, "_wandb": {"runtime": 299}}