{"map": 0.025284363327467328, "precision": 0.04651235037751328, "recall": 0.1025253555373704, "_timestamp": 1709088093.1279502, "_runtime": 615.5989902019501, "_step": 0, "_wandb": {"runtime": 614}}