{"map": 0.054071960227848735, "precision": 0.1418323872133765, "recall": 0.08144334817474008, "_timestamp": 1709031925.6406476, "_runtime": 586.4412906169891, "_step": 0, "_wandb": {"runtime": 585}}