{"map": 0.015394174319720847, "precision": 0.009651397239630797, "recall": 0.0466596598257068, "_timestamp": 1709071896.5165272, "_runtime": 283.0854880809784, "_step": 0, "_wandb": {"runtime": 282}}