{"map": 0.01027596091479755, "precision": 0.002144490930988308, "recall": 0.004816565928376032, "_timestamp": 1709108726.1637473, "_runtime": 588.9155292510986, "_step": 0, "_wandb": {"runtime": 588}}