{"map": 0.001204882679243238, "precision": 0.009150924347495077, "recall": 0.005076411766883858, "_timestamp": 1709118943.2794278, "_runtime": 604.4599356651306, "_step": 0, "_wandb": {"runtime": 603}}