{"map": 0.0, "precision": 0.0, "recall": 0.0, "_timestamp": 1709100528.2971456, "_runtime": 593.0655937194824, "_step": 0, "_wandb": {"runtime": 592}}