{"map": 0.00021258085275936643, "precision": 0.0002366595446815899, "recall": 0.0004267619017189085, "_timestamp": 1709078158.8729196, "_runtime": 270.4658124446869, "_step": 0, "_wandb": {"runtime": 269}}