{"map": 0.0, "precision": 0.0, "recall": 0.0, "_timestamp": 1709108010.0027957, "_runtime": 245.3628067970276, "_step": 0, "_wandb": {"runtime": 244}}