{"map": 0.06437547790222502, "precision": 0.17926109067270354, "recall": 0.10107087316438475, "_timestamp": 1709057720.5269215, "_runtime": 280.4720244407654, "_step": 0, "_wandb": {"runtime": 279}}