{"map": 0.01530283835884387, "precision": 0.017368310269979228, "recall": 0.02660444846065387, "_timestamp": 1709120189.4149084, "_runtime": 613.2531154155731, "_step": 0, "_wandb": {"runtime": 612}}