{"map": 0.03669010145754331, "precision": 0.03508524432056237, "recall": 0.11590158357717348, "_timestamp": 1709123446.783296, "_runtime": 330.87929916381836, "_step": 0, "_wandb": {"runtime": 330}}