{"map": 0.039639489654321416, "precision": 0.09128567408030688, "recall": 0.10035495278478992, "_timestamp": 1709023024.7289617, "_runtime": 266.86200070381165, "_step": 0, "_wandb": {"runtime": 266}}