{"map": 0.0882935553667827, "precision": 0.27167378757590654, "recall": 0.053604251518651246, "_timestamp": 1709063743.3065047, "_runtime": 335.15264081954956, "_step": 0, "_wandb": {"runtime": 334}}