{"map": 0.07203376089663835, "precision": 0.24035822026540854, "recall": 0.08817329421404986, "_timestamp": 1709062378.9132693, "_runtime": 604.02197432518, "_step": 0, "_wandb": {"runtime": 603}}