{"map": 0.020775589874684915, "precision": 0.1299888076396417, "recall": 0.025060194496575594, "_timestamp": 1709046305.2218986, "_runtime": 652.4151644706726, "_step": 0, "_wandb": {"runtime": 651}}