{"map": 0.05275078739809249, "precision": 0.029322505819163777, "recall": 0.34530285837438157, "_timestamp": 1709100540.979146, "_runtime": 341.8380000591278, "_step": 0, "_wandb": {"runtime": 341}}