{"map": 0.00064956995300045, "precision": 0.001072150673784529, "recall": 0.0007941692413537067, "_timestamp": 1709121491.940898, "_runtime": 612.5385780334473, "_step": 0, "_wandb": {"runtime": 611}}