{"map": 0.07095412142013556, "_timestamp": 1708998868.8910732, "_runtime": 272.12203431129456, "_step": 0, "_wandb": {"runtime": 271}}