{"map": 0.07482108677809618, "_timestamp": 1708999861.0563366, "_runtime": 339.57000064849854, "_step": 0, "_wandb": {"runtime": 339}}