{"map": 0.013117082483547867, "precision": 0.010216396303711503, "recall": 0.011372059961686875, "_timestamp": 1709027455.2105756, "_runtime": 561.9363524913788, "_step": 0, "_wandb": {"runtime": 561}}