{"map": 0.018530420792608044, "precision": 0.07710712908902177, "recall": 0.08909105983932299, "_timestamp": 1709061161.2842438, "_runtime": 262.8680238723755, "_step": 0, "_wandb": {"runtime": 262}}