{"map": 0.037179849072940876, "precision": 0.06867230190421596, "recall": 0.1291155647762956, "_timestamp": 1709099355.3190012, "_runtime": 256.4470021724701, "_step": 0, "_wandb": {"runtime": 255}}