{"map": 0.0006530209989407691, "precision": 0.0005895636712082403, "recall": 0.0005374296675861527, "_timestamp": 1709105002.4395154, "_runtime": 599.8940322399139, "_step": 0, "_wandb": {"runtime": 599}}