{"map": 0.025618791253466174, "precision": 0.11675484945841078, "recall": 0.013345485082964325, "_timestamp": 1709022210.8989155, "_runtime": 538.6240594387054, "_step": 0, "_wandb": {"runtime": 538}}