{"map": 0.011646016952198444, "precision": 0.04959893079955931, "recall": 0.0701810458038148, "_timestamp": 1709120309.8177586, "_runtime": 264.8654475212097, "_step": 0, "_wandb": {"runtime": 264}}