{"map": 0.0700521571451804, "precision": 0.021743957608377173, "recall": 0.49623725755177656, "_timestamp": 1709091382.072033, "_runtime": 438.9362368583679, "_step": 0, "_wandb": {"runtime": 438}}