{"map": 0.0068722084298658255, "precision": 0.030027080652691444, "recall": 0.001796313022732245, "_timestamp": 1709028931.623099, "_runtime": 857.3390760421753, "_step": 0, "_wandb": {"runtime": 856}}