{"map": 0.04034762886600004, "precision": 0.0851780479807206, "recall": 0.09504059805003265, "_timestamp": 1709041487.4089372, "_runtime": 265.47303318977356, "_step": 0, "_wandb": {"runtime": 264}}