{"map": 0.006355523498112485, "precision": 0.0068996358010764815, "recall": 0.015846416807146026, "_timestamp": 1709075536.27544, "_runtime": 289.6308379173279, "_step": 0, "_wandb": {"runtime": 289}}