{"map": 0.02715635327103961, "precision": 0.08137236575218382, "recall": 0.0908984899376538, "_timestamp": 1709019688.1762714, "_runtime": 268.90653347969055, "_step": 0, "_wandb": {"runtime": 268}}