{"map": 0.0011688727226424826, "precision": 0.0014951398614257774, "recall": 0.0029916603528006144, "_timestamp": 1709077879.7921247, "_runtime": 282.0457787513733, "_step": 0, "_wandb": {"runtime": 281}}