{"map": 0.07351761111199233, "_timestamp": 1709013274.9645755, "_runtime": 328.0720705986023, "_step": 0, "_wandb": {"runtime": 327}}