{"map": 0.009526160440602813, "precision": 0.016590635015966648, "recall": 0.03237948546307053, "_timestamp": 1709105627.743833, "_runtime": 613.0573201179504, "_step": 0, "_wandb": {"runtime": 612}}