{"map": 0.07499810744128377, "precision": 0.20834593482352648, "recall": 0.08041480424326437, "_timestamp": 1709069485.309151, "_runtime": 302.90499901771545, "_step": 0, "_wandb": {"runtime": 302}}