{"map": 0.07615182208370923, "precision": 0.01900495330881419, "recall": 0.5034676305098326, "_timestamp": 1709077296.5772417, "_runtime": 515.3809607028961, "_step": 0, "_wandb": {"runtime": 514}}