{"map": 0.0, "precision": 0.0, "recall": 0.0, "_timestamp": 1709077314.4790154, "_runtime": 644.09916639328, "_step": 0, "_wandb": {"runtime": 638}}