{"map": 0.03808320080723461, "precision": 0.08786210262413384, "recall": 0.09713238789150105, "_timestamp": 1709036139.2259393, "_runtime": 263.6200363636017, "_step": 0, "_wandb": {"runtime": 262}}