{"map": 0.0001124074309440497, "precision": 0.0002170552970803532, "recall": 0.000285408840200285, "_timestamp": 1709094364.7253163, "_runtime": 263.7931423187256, "_step": 0, "_wandb": {"runtime": 263}}