{"map": 0.0, "precision": 0.0, "recall": 0.0, "_timestamp": 1709076173.3373623, "_runtime": 285.24585819244385, "_step": 0, "_wandb": {"runtime": 284}}