{"map": 0.05030241777589974, "precision": 0.14587686547450313, "recall": 0.12560064720474504, "_timestamp": 1709038171.8338542, "_runtime": 272.1317300796509, "_step": 0, "_wandb": {"runtime": 271}}