{"map": 0.04252656204445306, "precision": 0.09895786287960663, "recall": 0.10647905342986659, "_timestamp": 1709025376.0301275, "_runtime": 266.8880534172058, "_step": 0, "_wandb": {"runtime": 266}}