{"map": 0.023325007046597956, "precision": 0.036566472942109865, "recall": 0.09965142501897188, "_timestamp": 1709118794.6914327, "_runtime": 270.3164656162262, "_step": 0, "_wandb": {"runtime": 269}}