{"map": 0.07947023114568205, "precision": 0.19027414381643926, "recall": 0.09719466789243851, "_timestamp": 1709065695.1588287, "_runtime": 283.4299998283386, "_step": 0, "_wandb": {"runtime": 282}}