{"map": 0.004757465325265208, "precision": 0.0027330591974749382, "recall": 0.008783410855928146, "_timestamp": 1709093545.5996392, "_runtime": 266.15105414390564, "_step": 0, "_wandb": {"runtime": 265}}