{"map": 0.026623673435852473, "precision": 0.08541847638329109, "recall": 0.0958127192347524, "_timestamp": 1709035239.8358705, "_runtime": 263.2661385536194, "_step": 0, "_wandb": {"runtime": 262}}