{"map": 0.0, "precision": 0.0, "recall": 0.0, "_timestamp": 1709111117.6297731, "_runtime": 586.0581691265106, "_step": 0, "_wandb": {"runtime": 585}}