{"map": 0.023726258949135232, "precision": 0.06656289320545358, "recall": 0.07854045532090123, "_timestamp": 1709031291.5513563, "_runtime": 262.94001841545105, "_step": 0, "_wandb": {"runtime": 262}}