{"map": 0.045075041530618094, "precision": 0.23294136646444374, "recall": 0.02965796714588359, "_timestamp": 1709043306.550452, "_runtime": 458.32305693626404, "_step": 0, "_wandb": {"runtime": 457}}