{"map": 0.0798318363172203, "precision": 0.2858884073192376, "recall": 0.05249863441932386, "_timestamp": 1709046566.8358965, "_runtime": 346.400999546051, "_step": 0, "_wandb": {"runtime": 345}}