{"map": 0.029340628258776542, "precision": 0.08409288175352977, "recall": 0.09505104848283662, "_timestamp": 1709062653.04471, "_runtime": 264.68999886512756, "_step": 0, "_wandb": {"runtime": 263}}