{"map": 0.05651251261517411, "precision": 0.18841321693868662, "recall": 0.09439181636575318, "_timestamp": 1709023603.8276403, "_runtime": 284.2679953575134, "_step": 0, "_wandb": {"runtime": 283}}