{"map": 0.08333333333333334, "precision": 0.014564757397213853, "recall": 0.43552842983294165, "_timestamp": 1709110336.6344206, "_runtime": 487.8349425792694, "_step": 0, "_wandb": {"runtime": 487}}