{"map": 0.0003547821555329066, "precision": 0.0011838725412992301, "recall": 0.0016069656162933333, "_timestamp": 1709109321.4806757, "_runtime": 585.1708447933197, "_step": 0, "_wandb": {"runtime": 584}}