{"map": 0.0026436075175610184, "precision": 0.003620671817284489, "recall": 0.011999093056838562, "_timestamp": 1709124154.5775573, "_runtime": 322.37515234947205, "_step": 0, "_wandb": {"runtime": 321}}