{"map": 0.06286875029138692, "precision": 0.22219918545280035, "recall": 0.06262085316121128, "_timestamp": 1709022361.415915, "_runtime": 612.3640580177307, "_step": 0, "_wandb": {"runtime": 611}}