{"map": 0.019984999142692535, "precision": 0.06872390918424734, "recall": 0.07999341340565673, "_timestamp": 1709047752.3179915, "_runtime": 265.91899943351746, "_step": 0, "_wandb": {"runtime": 265}}