{"map": 7.710178469388765e-05, "precision": 0.0004077341011843494, "recall": 0.0002464451917380049, "_timestamp": 1709097298.7517781, "_runtime": 588.0400421619415, "_step": 0, "_wandb": {"runtime": 587}}