{"map": 0.0, "precision": 0.0, "recall": 0.0, "_timestamp": 1709089339.9564202, "_runtime": 581.8380722999573, "_step": 0, "_wandb": {"runtime": 581}}