{"map": 0.07160917720725521, "precision": 0.21007557762045906, "recall": 0.07899767959319476, "_timestamp": 1709060303.308191, "_runtime": 285.5471279621124, "_step": 0, "_wandb": {"runtime": 284}}